Date,Name,Year,Letterboxd URI
2020-07-01,The Life Aquatic with Steve Zissou,2004,https://boxd.it/2aqw
2020-07-01,There Will Be Blood,2007,https://boxd.it/20Z2
2020-07-01,Butch Cassidy and the Sundance Kid,1969,https://boxd.it/29Vy
2020-07-01,Doctor Zhivago,1965,https://boxd.it/29jk
2020-07-01,Lawrence of Arabia,1962,https://boxd.it/2wRE
2020-07-01,The Third Man,1949,https://boxd.it/294E
2020-07-01,F for Fake,1973,https://boxd.it/VxA
2020-07-01,Ad Astra,2019,https://boxd.it/ePzI
2020-07-01,Call Me by Your Name,2017,https://boxd.it/dYmm
2020-07-01,Nocturnal Animals,2016,https://boxd.it/bkFu
2020-07-01,The Wild Bunch,1969,https://boxd.it/2a5y
2020-07-01,The Exorcist,1973,https://boxd.it/1Yoo
2020-07-01,Chariots of Fire,1981,https://boxd.it/1YFu
2020-07-01,Empire of the Sun,1987,https://boxd.it/1X4i
2020-07-01,The Last Emperor,1987,https://boxd.it/29Ji
2020-07-01,Interstellar,2014,https://boxd.it/4VZ8
2020-07-01,The Prestige,2006,https://boxd.it/293w
2020-07-01,Sunset Boulevard,1950,https://boxd.it/2a20
2020-07-01,Inglourious Basterds,2009,https://boxd.it/1JzG
2020-07-01,Full Metal Jacket,1987,https://boxd.it/2a1Q
2020-07-01,Come and See,1985,https://boxd.it/1w9q
2020-07-01,The Elephant Man,1980,https://boxd.it/27LQ
2020-07-01,Stalker,1979,https://boxd.it/28PO
2020-07-01,Gran Torino,2008,https://boxd.it/1Qzy
2020-07-01,Into the Wild,2007,https://boxd.it/22m2
2020-07-01,Spotlight,2015,https://boxd.it/a84k
2020-07-01,Once Upon a Time… in Hollywood,2019,https://boxd.it/gH0O
2020-07-01,Brooklyn,2015,https://boxd.it/5bdk
2020-07-01,The Martian,2015,https://boxd.it/8SeG
2020-07-01,Gangs of New York,2002,https://boxd.it/25FG
2020-07-01,Enter the Void,2009,https://boxd.it/1dy2
2020-07-01,Three Colours: Blue,1993,https://boxd.it/2b7K
2020-07-01,Three Colours: Red,1994,https://boxd.it/2b7q
2020-07-01,Hereditary,2018,https://boxd.it/hNVe
2020-07-01,Under the Skin,2013,https://boxd.it/3mDa
2020-07-01,The Apartment,1960,https://boxd.it/2aGE
2020-07-01,Moon,2009,https://boxd.it/1IGQ
2020-07-01,Gandahar,1987,https://boxd.it/1AtE
2020-07-01,The Salt of the Earth,2014,https://boxd.it/7Uyc
2020-07-01,Crumb,1994,https://boxd.it/1tDi
2020-07-01,For All Mankind,1989,https://boxd.it/1Dvy
2020-07-01,Senna,2010,https://boxd.it/kfE
2020-07-01,Raging Bull,1980,https://boxd.it/28yI
2020-07-01,Climax,2018,https://boxd.it/ikvo
2020-07-01,The Holy Mountain,1973,https://boxd.it/20mu
2020-07-01,Dancer in the Dark,2000,https://boxd.it/71E
2020-07-01,Melancholia,2011,https://boxd.it/bPI
2020-07-01,The House That Jack Built,2018,https://boxd.it/dWO4
2020-07-01,Dogville,2003,https://boxd.it/2a8W
2020-07-01,Three Colours: White,1994,https://boxd.it/2b7A
2020-07-03,A Pigeon Sat on a Branch Reflecting on Existence,2014,https://boxd.it/3Ifa
2020-07-03,The Others,2001,https://boxd.it/27Po
2020-07-03,Collateral,2004,https://boxd.it/28F0
2020-07-03,Memoirs of a Geisha,2005,https://boxd.it/27TA
2020-07-03,Let Me In,2010,https://boxd.it/Zsa
2020-07-03,Let the Right One In,2008,https://boxd.it/1Qr0
2020-07-03,The Master,2012,https://boxd.it/2cBG
2020-07-03,Inherent Vice,2014,https://boxd.it/5hla
2020-07-03,Ida,2013,https://boxd.it/6fRg
2020-07-03,mother!,2017,https://boxd.it/dgRU
2020-07-03,Distant,2002,https://boxd.it/1k28
2020-07-03,Annie Leibovitz: Life Through a Lens,2006,https://boxd.it/Gva
2020-07-03,Everlasting Moments,2008,https://boxd.it/1JfQ
2020-07-03,The Secret Life of Walter Mitty,2013,https://boxd.it/3SWy
2020-07-03,In No Great Hurry: 13 Lessons in Life with Saul Leiter,2014,https://boxd.it/67Oy
2020-07-03,Manufactured Landscapes,2006,https://boxd.it/1xp0
2020-07-03,Harry Benson: Shoot First,2016,https://boxd.it/elMW
2020-07-04,Knives Out,2019,https://boxd.it/jWEA
2020-07-05,"Synecdoche, New York",2008,https://boxd.it/23zw
2020-07-05,The Discreet Charm of the Bourgeoisie,1972,https://boxd.it/2440
2020-07-06,Memories of Murder,2003,https://boxd.it/1TSo
2020-07-06,The 400 Blows,1959,https://boxd.it/2b1C
2020-07-06,A Dog's Will,2000,https://boxd.it/12u4
2020-07-06,An Elephant Sitting Still,2018,https://boxd.it/i1EQ
2020-07-06,Berberian Sound Studio,2012,https://boxd.it/3T30
2020-07-06,You Were Never Really Here,2017,https://boxd.it/dWOS
2020-07-06,The Conversation,1974,https://boxd.it/2a38
2020-07-08,Ford v Ferrari,2019,https://boxd.it/ce74
2020-07-08,Paprika,2006,https://boxd.it/23wW
2020-07-14,Battle of Britain,1969,https://boxd.it/1TNe
2020-07-14,Ryan's Daughter,1970,https://boxd.it/14O6
2020-07-14,The Grapes of Wrath,1940,https://boxd.it/2a2u
2020-07-14,The Garden of Allah,1936,https://boxd.it/4MM0
2020-07-14,Black Narcissus,1947,https://boxd.it/1Kce
2020-07-14,To Catch a Thief,1955,https://boxd.it/2avm
2020-07-14,You Only Live Twice,1967,https://boxd.it/29Rw
2020-07-14,Reds,1981,https://boxd.it/1Hhq
2020-07-14,Cries and Whispers,1972,https://boxd.it/1WK8
2020-07-14,Fanny and Alexander,1982,https://boxd.it/22go
2020-07-14,The Virgin Spring,1960,https://boxd.it/1TjI
2020-07-14,Ju Dou,1990,https://boxd.it/YrK
2020-07-14,House of Flying Daggers,2004,https://boxd.it/1YoI
2020-07-14,Once Upon a Time in China,1991,https://boxd.it/1VOy
2020-07-14,The Forbidden Kingdom,2008,https://boxd.it/28dg
2020-07-14,Hero,2002,https://boxd.it/2bcq
2020-07-14,Endless Poetry,2016,https://boxd.it/aANs
2020-07-14,Ugetsu,1953,https://boxd.it/1NyM
2020-07-14,Sansho the Bailiff,1954,https://boxd.it/1Dkq
2020-07-14,Tokyo Olympiad,1965,https://boxd.it/U1o
2020-07-14,Silence,1971,https://boxd.it/3f7m
2020-07-14,Floating Weeds,1959,https://boxd.it/LZu
2020-07-14,JFK,1991,https://boxd.it/29xm
2020-07-14,Catch Me If You Can,2002,https://boxd.it/29VS
2020-07-14,A.I. Artificial Intelligence,2001,https://boxd.it/29Ve
2020-07-14,War Horse,2011,https://boxd.it/nf8
2020-07-14,The Wrestler,2008,https://boxd.it/1So8
2020-07-14,The Visit,2015,https://boxd.it/9ssO
2020-07-14,Barton Fink,1991,https://boxd.it/2aFQ
2020-07-14,Oblivion,2013,https://boxd.it/2Bzq
2020-07-14,The Girl with the Dragon Tattoo,2011,https://boxd.it/2Pa
2020-07-14,The Social Network,2010,https://boxd.it/17ue
2020-07-14,Zodiac,2007,https://boxd.it/27MO
2020-07-14,Jarhead,2005,https://boxd.it/70m
2020-07-14,The Fall,2006,https://boxd.it/1NoM
2020-07-14,Contempt,1963,https://boxd.it/2aJe
2020-07-14,Goodbye to Language,2014,https://boxd.it/3PMA
2020-07-14,"You, the Living",2007,https://boxd.it/22xO
2020-07-14,Songs from the Second Floor,2000,https://boxd.it/1eoM
2020-07-14,Harakiri,1962,https://boxd.it/1NTU
2020-07-14,Pather Panchali,1955,https://boxd.it/22yC
2020-07-14,The Red Shoes,1948,https://boxd.it/1EXI
2020-07-14,8½,1963,https://boxd.it/2aqm
2020-07-14,Nights of Cabiria,1957,https://boxd.it/1F7e
2020-07-14,"Jeanne Dielman, 23, quai du Commerce, 1080 Bruxelles",1975,https://boxd.it/T18
2020-07-14,Wild Strawberries,1957,https://boxd.it/29ZU
2020-07-14,Red Beard,1965,https://boxd.it/251m
2020-07-14,Double Indemnity,1944,https://boxd.it/297I
2020-07-14,Dog Day Afternoon,1975,https://boxd.it/29bg
2020-07-14,Make Way for Tomorrow,1937,https://boxd.it/10hC
2020-07-14,Paddington 2,2017,https://boxd.it/bCF8
2020-07-14,The Best Years of Our Lives,1946,https://boxd.it/29my
2020-07-14,Some Like It Hot,1959,https://boxd.it/2aNA
2020-07-14,The Exterminating Angel,1962,https://boxd.it/1nRS
2020-07-14,As I Was Moving Ahead Occasionally I Saw Brief Glimpses of Beauty,2000,https://boxd.it/4gcu
2020-07-14,Man with a Movie Camera,1929,https://boxd.it/1u7s
2020-07-14,The Beaches of Agnès,2008,https://boxd.it/14Y6
2020-07-14,Five Came Back,2017,https://boxd.it/AMTO
2020-07-14,Dekalog,1989,https://boxd.it/bv4u
2020-07-14,Rebecca,1940,https://boxd.it/2aQa
2020-07-14,All About Eve,1950,https://boxd.it/29LI
2020-07-14,West Side Story,1961,https://boxd.it/28dK
2020-07-14,Ben-Hur,1959,https://boxd.it/29RQ
2020-07-14,Midnight Cowboy,1969,https://boxd.it/25Hi
2020-07-14,Rocky,1976,https://boxd.it/28Uk
2020-07-14,Ordinary People,1980,https://boxd.it/1JTm
2020-07-14,Platoon,1986,https://boxd.it/29BS
2020-07-14,Braveheart,1995,https://boxd.it/2aTI
2020-07-14,Million Dollar Baby,2004,https://boxd.it/2bdI
2020-07-14,12 Years a Slave,2013,https://boxd.it/2D2e
2020-07-14,Shame,2011,https://boxd.it/2CxU
2020-07-14,Rushmore,1998,https://boxd.it/1TAO
2020-07-14,Macario,1960,https://boxd.it/41Va
2020-07-14,Maria Candelaria,1944,https://boxd.it/gxO
2020-07-14,Simon of the Desert,1965,https://boxd.it/1aXe
2020-07-14,Two Mules for Sister Sara,1970,https://boxd.it/1SMk
2020-07-14,The Treasure of the Sierra Madre,1948,https://boxd.it/25Lk
2020-07-14,Pedro Paramo,1967,https://boxd.it/5ZjW
2020-07-14,Stagecoach,1939,https://boxd.it/297S
2020-07-14,How Green Was My Valley,1941,https://boxd.it/UV2
2020-07-15,The Age of Innocence,1993,https://boxd.it/1WgM
2020-07-16,Cartel Land,2015,https://boxd.it/ahGW
2020-07-16,El Topo,1970,https://boxd.it/1QYS
2020-07-16,Silence,2016,https://boxd.it/2cAo
2020-07-16,"Paris, Je T'Aime",2006,https://boxd.it/273a
2020-07-16,Paranoid Park,2007,https://boxd.it/27GQ
2020-07-16,In the Mood for Doyle,2007,https://boxd.it/5ttK
2020-07-18,The Illusionist,2010,https://boxd.it/ZWY
2020-07-18,The Triplets of Belleville,2003,https://boxd.it/1Y6Y
2020-07-19,Big Eyes,2014,https://boxd.it/36ms
2020-07-19,Carol,2015,https://boxd.it/7DPK
2020-07-19,The Theory of Everything,2014,https://boxd.it/7YtA
2020-07-19,Big Fish,2003,https://boxd.it/2a3M
2020-07-19,Gandhi,1982,https://boxd.it/29Dk
2020-07-19,The Host,2006,https://boxd.it/28ZY
2020-07-19,The Big Short,2015,https://boxd.it/ajZw
2020-07-19,Sully,2016,https://boxd.it/cD8Q
2020-07-19,Origin: Spirits of the Past,2006,https://boxd.it/1N48
2020-07-19,Jackie,2016,https://boxd.it/d6bu
2020-07-19,The Beatles: In The Life,2019,https://boxd.it/omZC
2020-07-19,Glass,2019,https://boxd.it/g3uO
2020-07-19,All the Money in the World,2017,https://boxd.it/fUsk
2020-07-19,Mystic River,2003,https://boxd.it/2aAG
2020-07-19,American Sniper,2014,https://boxd.it/5LDy
2020-07-19,It Chapter Two,2019,https://boxd.it/h10u
2020-07-19,Hellraiser,1987,https://boxd.it/1Zpi
2020-07-19,The Darkness,2016,https://boxd.it/8mmI
2020-07-19,The Imitation Game,2014,https://boxd.it/6aig
2020-07-19,The King's Speech,2010,https://boxd.it/dX0
2020-07-19,The Hateful Eight,2015,https://boxd.it/8gw8
2020-07-19,The Wolf of Wall Street,2013,https://boxd.it/3C1m
2020-07-19,Memento,2000,https://boxd.it/2bcK
2020-07-19,Midnight in Paris,2011,https://boxd.it/i4a
2020-07-19,Precious,2009,https://boxd.it/1v6K
2020-07-19,Lolita,1962,https://boxd.it/29Ag
2020-07-19,Murder!,1930,https://boxd.it/1i5O
2020-07-19,Nostalgia,1983,https://boxd.it/28Qi
2020-07-19,In the Realm of the Senses,1976,https://boxd.it/22qS
2020-07-22,Blossoms & Blood,2003,https://boxd.it/4tYQ
2020-07-22,The Golem: How He Came into the World,1920,https://boxd.it/262g
2020-07-22,The Phantom of the Convent,1934,https://boxd.it/5BZa
2020-07-22,Two Monks,1934,https://boxd.it/5fTk
2020-07-22,The Vampire,1957,https://boxd.it/3Z3q
2020-07-22,The Man Without a Face,1950,https://boxd.it/6hZw
2020-07-22,You’re Missing the Point,1940,https://boxd.it/2bLq
2020-07-22,Even the Wind Is Afraid,1968,https://boxd.it/2cQ2
2020-07-22,Poison for the Fairies,1986,https://boxd.it/1osu
2020-07-22,Blacker Than the Night,1975,https://boxd.it/2cOA
2020-07-22,The Mansion of Madness,1973,https://boxd.it/3jNG
2020-07-22,Onibaba,1964,https://boxd.it/252a
2020-07-22,The Lodger: A Story of the London Fog,1927,https://boxd.it/26m6
2020-07-22,Freaks,1932,https://boxd.it/2b3o
2020-07-22,Nosferatu the Vampyre,1979,https://boxd.it/21J0
2020-07-22,The Zero Theorem,2013,https://boxd.it/4WDW
2020-07-22,Being John Malkovich,1999,https://boxd.it/2ahu
2020-07-22,Adaptation.,2002,https://boxd.it/26mA
2020-07-22,The Untouchables,1987,https://boxd.it/2b6i
2020-07-22,Phantom of the Paradise,1974,https://boxd.it/1s34
2020-07-26,Jin-Roh: The Wolf Brigade,1999,https://boxd.it/29wS
2020-07-26,Illang: The Wolf Brigade,2018,https://boxd.it/gL0S
2020-07-26,Summer Wars,2009,https://boxd.it/1oDC
2020-07-26,Buy Me a Gun,2018,https://boxd.it/iOSs
2020-07-28,Metropolis,2001,https://boxd.it/1YfQ
2020-07-28,A Cat in Paris,2010,https://boxd.it/zqi
2020-07-28,The Peanuts Movie,2015,https://boxd.it/6Jci
2020-07-28,Performance,1970,https://boxd.it/1txE
2020-07-28,Un Chien Andalou,1929,https://boxd.it/29Y8
2020-07-28,L'Âge d'Or,1930,https://boxd.it/22FI
2020-07-28,Last Tango in Paris,1972,https://boxd.it/28pw
2020-07-29,Pink Floyd: The Wall,1982,https://boxd.it/1Sxk
2020-07-29,Interstella 5555: The 5tory of the 5ecret 5tar 5ystem,2003,https://boxd.it/1ULy
2020-07-29,Mean Streets,1973,https://boxd.it/2aSU
2020-07-30,Wizards,1977,https://boxd.it/1Kz8
2020-08-05,First Man,2018,https://boxd.it/cPym
2020-08-23,Mary Magdalene,2018,https://boxd.it/el2Y
2020-09-14,A Scanner Darkly,2006,https://boxd.it/25jK
2020-09-14,April and the Extraordinary World,2015,https://boxd.it/bjXi
2020-09-14,The Adventures of Prince Achmed,1926,https://boxd.it/1FeY
2020-09-14,The Twelve Tasks of Asterix,1976,https://boxd.it/1YOG
2020-11-20,Lemony Snicket's A Series of Unfortunate Events,2004,https://boxd.it/1T7s
2020-11-20,Y Tu Mamá También,2001,https://boxd.it/28QM
2020-11-20,Like Water for Chocolate,1992,https://boxd.it/1Hq8
2020-11-20,Sólo con tu pareja,1991,https://boxd.it/EK8
2020-11-27,The Irishman,2019,https://boxd.it/dYOq
2020-11-27,The Last Temptation of Christ,1988,https://boxd.it/1ULe
2020-11-27,The Color of Money,1986,https://boxd.it/1SSM
2020-11-27,Django Unchained,2012,https://boxd.it/2cCk
2020-11-27,Kill Bill: Vol. 2,2004,https://boxd.it/2au4
2020-11-27,E.T. the Extra-Terrestrial,1982,https://boxd.it/2a1G
2020-11-27,Lincoln,2012,https://boxd.it/2n2s
2020-11-27,The Terminal,2004,https://boxd.it/2a2O
2020-11-27,Duel,1971,https://boxd.it/29ui
2020-11-27,Manhattan,1979,https://boxd.it/29Na
2020-11-27,Café Society,2016,https://boxd.it/bhEy
2020-11-27,Blue Jasmine,2013,https://boxd.it/50MI
2020-11-27,Crimson Peak,2015,https://boxd.it/62Ty
2020-11-27,Mimic,1997,https://boxd.it/23zm
2020-11-27,Lost Highway,1997,https://boxd.it/29Wc
2020-11-27,The Birds,1963,https://boxd.it/2a6m
2020-11-27,Strangers on a Train,1951,https://boxd.it/29tk
2020-11-27,Spellbound,1945,https://boxd.it/24Ji
2020-11-27,Biutiful,2010,https://boxd.it/OiI
2020-11-27,21 Grams,2003,https://boxd.it/2ajK
2020-11-27,A Little Princess,1995,https://boxd.it/1FHm
2020-11-27,The Phantom of Liberty,1974,https://boxd.it/22VG
2020-11-27,The Royal Tenenbaums,2001,https://boxd.it/1YHU
2020-11-27,Edward Scissorhands,1990,https://boxd.it/2aZc
2020-11-27,Ed Wood,1994,https://boxd.it/2adM
2020-11-27,Letters from Iwo Jima,2006,https://boxd.it/290C
2020-11-27,Gladiator,2000,https://boxd.it/2b9m
2020-11-27,Alien: Covenant,2017,https://boxd.it/49UY
2020-11-27,Prometheus,2012,https://boxd.it/2s9e
2020-11-27,The Sacrifice,1986,https://boxd.it/1xg8
2020-11-27,Avatar,2009,https://boxd.it/1Efm
2020-11-27,Aliens,1986,https://boxd.it/29PA
2020-11-27,Terminator 2: Judgment Day,1991,https://boxd.it/2aGY
2020-11-27,The Terminator,1984,https://boxd.it/2aQY
2020-11-27,The Abyss,1989,https://boxd.it/26mK
2020-11-27,Nymphomaniac: Vol. I,2013,https://boxd.it/7DiG
2020-11-27,Nymphomaniac: Vol. II,2013,https://boxd.it/7j9Y
2020-11-27,Breaking the Waves,1996,https://boxd.it/2b1W
2020-11-27,The Fountain,2006,https://boxd.it/28RU
2020-11-27,Funny Games,1997,https://boxd.it/1WKM
2020-11-27,The White Ribbon,2009,https://boxd.it/17eU
2020-11-27,The Hobbit: An Unexpected Journey,2012,https://boxd.it/GZk
2020-11-27,The Hobbit: The Desolation of Smaug,2013,https://boxd.it/nmS
2020-11-27,The Hobbit: The Battle of the Five Armies,2014,https://boxd.it/43aU
2020-11-27,King Kong,2005,https://boxd.it/2aLa
2020-11-27,Braindead,1992,https://boxd.it/29Gy
2020-11-27,Bad Taste,1987,https://boxd.it/1Xq4
2020-11-27,Enemy,2013,https://boxd.it/5xtO
2020-11-27,Polytechnique,2009,https://boxd.it/1AMG
2020-11-27,Inside Llewyn Davis,2013,https://boxd.it/34Ro
2020-11-27,The Ballad of Buster Scruggs,2018,https://boxd.it/jB2q
2020-11-27,The Fly,1986,https://boxd.it/1YIe
2020-11-27,Naked Lunch,1991,https://boxd.it/26ow
2020-11-27,Spectre,2015,https://boxd.it/6bXY
2020-11-27,La La Land,2016,https://boxd.it/a5fa
2020-11-27,American Graffiti,1973,https://boxd.it/29us
2020-11-27,The Human Condition III: A Soldier's Prayer,1961,https://boxd.it/1dIQ
2020-11-27,The Human Condition I: No Greater Love,1959,https://boxd.it/1jAy
2020-11-27,Satantango,1994,https://boxd.it/1j9M
2020-11-27,The Handmaiden,2016,https://boxd.it/948A
2020-11-27,The Human Condition II: Road to Eternity,1959,https://boxd.it/1dJa
2020-11-27,La Haine,1995,https://boxd.it/2as8
2020-11-27,Scenes from a Marriage,1974,https://boxd.it/4kJC
2020-11-27,A Separation,2011,https://boxd.it/gvo
2020-11-27,Napoleon,1927,https://boxd.it/WEC
2020-11-27,All That Jazz,1979,https://boxd.it/1JB8
2020-11-27,Heat,1995,https://boxd.it/2bg8
2020-11-27,Tusk,2014,https://boxd.it/7eoa
2020-11-27,The Birth of a Nation,1915,https://boxd.it/29Zg
2020-11-27,Dick Tracy,1990,https://boxd.it/201w
2020-11-27,Minority Report,2002,https://boxd.it/2aWi
2020-11-27,Creed,2015,https://boxd.it/a2qk
2020-11-27,Happiness,1998,https://boxd.it/1VEe
2020-11-27,Memories,1995,https://boxd.it/Vz2
2020-11-27,Evangelion: 1.0 You Are (Not) Alone,2007,https://boxd.it/1MKi
2020-11-27,Evangelion: 2.0 You Can (Not) Advance,2009,https://boxd.it/1zYm
2020-12-06,The Devil All the Time,2020,https://boxd.it/i2tY
2020-12-06,The King of Staten Island,2020,https://boxd.it/litG
2020-12-06,Babyteeth,2019,https://boxd.it/iWDU
2020-12-06,Eurovision Song Contest: The Story of Fire Saga,2020,https://boxd.it/jkMG
2020-12-06,Fear and Loathing in Las Vegas,1998,https://boxd.it/27Xs
2020-12-06,The Loneliest Planet,2011,https://boxd.it/2SQS
2020-12-06,Miller's Crossing,1990,https://boxd.it/2avG
2020-12-06,Wild at Heart,1990,https://boxd.it/2aii
2020-12-06,Blue Velvet,1986,https://boxd.it/29BI
2020-12-06,Mr. Nobody,2009,https://boxd.it/1k44
2020-12-06,Boyhood,2014,https://boxd.it/3178
2020-12-08,Midori,1992,https://boxd.it/2jvq
2020-12-09,Brazil,1985,https://boxd.it/2be2
2020-12-09,The Disaster Artist,2017,https://boxd.it/cTqc
2020-12-09,The Florida Project,2017,https://boxd.it/dMG0
2020-12-09,Bonnie and Clyde,1967,https://boxd.it/2ajg
2020-12-10,Faust,1994,https://boxd.it/1G3i
2020-12-10,Conspirators of Pleasure,1996,https://boxd.it/hlE
2020-12-10,Lunacy,2005,https://boxd.it/1Cm6
2020-12-10,Surviving Life (Theory and Practice),2010,https://boxd.it/2EaI
2020-12-10,Insect,2018,https://boxd.it/dC7E
2020-12-13,Irreversible,2002,https://boxd.it/29as
2020-12-13,Love,2015,https://boxd.it/9brE
2020-12-13,Creed II,2018,https://boxd.it/hgl8
2020-12-18,The E-waste Tragedy,2014,https://boxd.it/c42S
2020-12-18,The Light Bulb Conspiracy,2010,https://boxd.it/cwM
2020-12-19,Gummo,1997,https://boxd.it/1H0Y
2020-12-19,Radioactive,2019,https://boxd.it/hhpU
2020-12-19,The Last King of Scotland,2006,https://boxd.it/28FE
2020-12-19,In the Heart of the Sea,2015,https://boxd.it/6avY
2020-12-19,Snowden,2016,https://boxd.it/9CWO
2020-12-19,28 Days Later,2002,https://boxd.it/2aXU
2020-12-19,127 Hours,2010,https://boxd.it/SLa
2020-12-20,Bridge of Spies,2015,https://boxd.it/9n9C
2020-12-20,Wild Tales,2014,https://boxd.it/7UmK
2020-12-20,Black Bear,2020,https://boxd.it/n8ru
2020-12-24,New Order,2020,https://boxd.it/l8cg
2020-12-25,Ex Machina,2015,https://boxd.it/7T2k
2020-12-25,Euphoria: Trouble Don't Last Always,2020,https://boxd.it/ta4a
2020-12-25,Marriage Story,2019,https://boxd.it/hJAw
2020-12-25,Under the Silver Lake,2018,https://boxd.it/dSAs
2020-12-25,The Blair Witch Project,1999,https://boxd.it/26ua
2020-12-25,Airplane!,1980,https://boxd.it/29yu
2020-12-25,The Great Escape,1963,https://boxd.it/22kA
2020-12-25,L.A. Confidential,1997,https://boxd.it/27oC
2020-12-25,The Ten Commandments,1956,https://boxd.it/21mg
2020-12-25,The Hurt Locker,2008,https://boxd.it/1Soi
2020-12-25,A Star Is Born,2018,https://boxd.it/aXgc
2020-12-25,The Five Venoms,1978,https://boxd.it/1Q5o
2020-12-25,Night of the Living Dead,1968,https://boxd.it/1WwA
2020-12-25,Groundhog Day,1993,https://boxd.it/2b3e
2020-12-25,A Hard Day's Night,1964,https://boxd.it/29LS
2020-12-25,Planet of the Apes,1968,https://boxd.it/29p8
2020-12-25,Stand by Me,1986,https://boxd.it/2aOe
2020-12-25,The Man with the Golden Arm,1955,https://boxd.it/2aaI
2020-12-25,Hamilton,2020,https://boxd.it/kmvE
2020-12-30,The Help,2011,https://boxd.it/EDm
2020-12-30,Hidden Figures,2016,https://boxd.it/dgS4
2020-12-30,Mandy,2018,https://boxd.it/gtti
2020-12-30,Pride & Prejudice,2005,https://boxd.it/24u8
2020-12-30,Indiana Jones and the Last Crusade,1989,https://boxd.it/2baO
2020-12-30,John Wick: Chapter 2,2017,https://boxd.it/ayGu
2020-12-30,The Great Gatsby,2013,https://boxd.it/JY
2020-12-30,Wonder Woman,2017,https://boxd.it/9roG
2020-12-30,Boyz n the Hood,1991,https://boxd.it/29Ug
2020-12-30,Moneyball,2011,https://boxd.it/glS
2020-12-30,The Prince of Egypt,1998,https://boxd.it/1XGQ
2020-12-30,Master and Commander: The Far Side of the World,2003,https://boxd.it/200S
2020-12-30,Let There Be Light,1946,https://boxd.it/36BC
2020-12-30,Jason and the Argonauts,1963,https://boxd.it/1TCK
2020-12-30,Saturday Night Fever,1977,https://boxd.it/1URQ
2020-12-30,Escape from Alcatraz,1979,https://boxd.it/1Vwk
2020-12-30,Grease,1978,https://boxd.it/29YW
2020-12-30,Top Gun,1986,https://boxd.it/29JC
2020-12-30,Searching for Bobby Fischer,1993,https://boxd.it/1OmW
2020-12-30,Legends of the Fall,1994,https://boxd.it/24ho
2020-12-30,Black Hawk Down,2001,https://boxd.it/29rI
2020-12-30,Changeling,2008,https://boxd.it/25aS
2020-12-30,The Invitation,2015,https://boxd.it/9OUU
2020-12-30,Cam,2018,https://boxd.it/iWvG
2020-12-30,Flatliners,2017,https://boxd.it/e4CK
2020-12-30,The Crime of Padre Amaro,2002,https://boxd.it/2aay
2020-12-30,No,2012,https://boxd.it/3Ie2
2020-12-30,Post Tenebras Lux,2012,https://boxd.it/3wTs
2020-12-30,I Dream in Another Language,2017,https://boxd.it/bZ5M
2020-12-30,The Mummies of Guanajuato,1972,https://boxd.it/a7q
2020-12-30,Deseo,2013,https://boxd.it/6s3y
2020-12-30,Santo vs. the Strangler,1965,https://boxd.it/7798
2020-12-30,Chappie,2015,https://boxd.it/5Y3e
2020-12-30,Billy Elliot,2000,https://boxd.it/2bdy
2020-12-30,Chicken Run,2000,https://boxd.it/20Xg
2020-12-30,Indiana Jones and the Temple of Doom,1984,https://boxd.it/2bb8
2020-12-30,Dangal,2016,https://boxd.it/chfU
2020-12-30,Creep,2014,https://boxd.it/7l4c
2020-12-30,The Other Side of the Wind,2018,https://boxd.it/9w5Y
2020-12-30,Virunga,2014,https://boxd.it/7QtC
2020-12-30,Paddington,2014,https://boxd.it/3RKw
2020-12-30,Rang De Basanti,2006,https://boxd.it/20KG
2020-12-30,The Fighter,2010,https://boxd.it/PP4
2020-12-30,The Warriors,1979,https://boxd.it/1TLC
2020-12-30,Only Lovers Left Alive,2013,https://boxd.it/4O1U
2020-12-30,White Dog,1982,https://boxd.it/Jtc
2020-12-30,Ghost in the Shell: S.A.C. 2nd GIG – Individual Eleven,2006,https://boxd.it/3JJ6
2020-12-30,Ghost in the Shell 2.0,2008,https://boxd.it/1OLW
2020-12-30,Ghost in the Shell,2017,https://boxd.it/abTA
2020-12-30,Ghost in the Shell 2: Innocence,2004,https://boxd.it/1SrG
2020-12-30,Sweet Bean,2015,https://boxd.it/alaK
2020-12-30,John Wick: Chapter 3 – Parabellum,2019,https://boxd.it/gmFw
2020-12-30,John Wick,2014,https://boxd.it/7dEc
2020-12-30,We Need to Talk About Kevin,2011,https://boxd.it/2pTS
2020-12-30,Shaun of the Dead,2004,https://boxd.it/29J8
2020-12-30,Ring,1998,https://boxd.it/26tw
2020-12-30,Halloween,1978,https://boxd.it/2wRu
2020-12-30,The Lady Vanishes,1938,https://boxd.it/29ea
2020-12-30,Kon-Tiki,2012,https://boxd.it/2sX4
2020-12-30,Leviathan,2014,https://boxd.it/7Ub8
2020-12-30,Star Trek Into Darkness,2013,https://boxd.it/uYE
2020-12-30,Star Trek: The Motion Picture,1979,https://boxd.it/2b0O
2020-12-30,Star Trek IV: The Voyage Home,1986,https://boxd.it/2aYe
2020-12-30,Star Trek III: The Search for Spock,1984,https://boxd.it/2b00
2020-12-30,Star Trek II: The Wrath of Khan,1982,https://boxd.it/2b0u
2020-12-30,Star Trek V: The Final Frontier,1989,https://boxd.it/2aXA
2020-12-30,Star Trek VI: The Undiscovered Country,1991,https://boxd.it/2aXg
2020-12-30,Star Trek: Generations,1994,https://boxd.it/2aUm
2020-12-30,Star Trek: First Contact,1996,https://boxd.it/2aTo
2020-12-30,Star Trek: Insurrection,1998,https://boxd.it/2aTe
2020-12-30,Star Trek: Nemesis,2002,https://boxd.it/2aT4
2020-12-30,Star Trek,2009,https://boxd.it/1Q6c
2020-12-30,A River Runs Through It,1992,https://boxd.it/2aFm
2020-12-30,The Illusionist,2006,https://boxd.it/28H6
2020-12-30,Atonement,2007,https://boxd.it/24ui
2020-12-30,Hotel Rwanda,2004,https://boxd.it/2aSA
2020-12-30,Rush,2013,https://boxd.it/3lyS
2020-12-30,Beautiful Boy,2018,https://boxd.it/g76Q
2020-12-30,Help!,1965,https://boxd.it/1NiE
2020-12-30,Magical Mystery Tour,1967,https://boxd.it/1ets
2020-12-30,Beneath the Planet of the Apes,1970,https://boxd.it/28j4
2020-12-30,Escape from the Planet of the Apes,1971,https://boxd.it/28iK
2020-12-30,Conquest of the Planet of the Apes,1972,https://boxd.it/28iA
2020-12-30,Battle for the Planet of the Apes,1973,https://boxd.it/28gu
2020-12-30,Royal Wedding,1951,https://boxd.it/1GyA
2020-12-30,The Milk of Sorrow,2009,https://boxd.it/1p8A
2020-12-30,The Insult,2017,https://boxd.it/gLYy
2020-12-30,On Body and Soul,2017,https://boxd.it/fu7A
2020-12-30,Children of Heaven,1997,https://boxd.it/1C5k
2020-12-30,The Square,2017,https://boxd.it/e5YW
2020-12-30,One-Eyed Jacks,1961,https://boxd.it/1Gyq
2020-12-30,The Snows of Kilimanjaro,1952,https://boxd.it/24ja
2020-12-30,Lion,2016,https://boxd.it/b2La
2020-12-30,Mary Poppins,1964,https://boxd.it/2aoA
2020-12-30,"Hello, Dolly!",1969,https://boxd.it/1OTG
2020-12-30,Who Framed Roger Rabbit,1988,https://boxd.it/29ry
2020-12-30,Pepe,1960,https://boxd.it/2U34
2020-12-30,Mudbound,2017,https://boxd.it/eCsu
2020-12-30,"Crouching Tiger, Hidden Dragon",2000,https://boxd.it/2b1M
2020-12-30,Chicago,2002,https://boxd.it/28zm
2020-12-30,The English Patient,1996,https://boxd.it/2arE
2020-12-30,Born on the Fourth of July,1989,https://boxd.it/26A8
2020-12-30,Out of Africa,1985,https://boxd.it/2a0S
2020-12-30,Close Encounters of the Third Kind,1977,https://boxd.it/29u8
2020-12-30,The Magnificent Ambersons,1942,https://boxd.it/29bK
2020-12-30,A Farewell to Arms,1932,https://boxd.it/1Afs
2020-12-30,Spartacus,1960,https://boxd.it/29bq
2020-12-30,Harold and Maude,1971,https://boxd.it/2axM
2020-12-30,if....,1968,https://boxd.it/1Nna
2020-12-30,Point Break,1991,https://boxd.it/2958
2020-12-30,The Nutty Professor,1963,https://boxd.it/1H9Q
2020-12-30,The Sweet Hereafter,1997,https://boxd.it/1WNm
2020-12-30,San Pietro,1945,https://boxd.it/2Z9w
2020-12-30,The Dead Pool,1988,https://boxd.it/1VJ4
2020-12-30,The Little Shop of Horrors,1960,https://boxd.it/1xDm
2020-12-30,Advise & Consent,1962,https://boxd.it/1J2M
2020-12-30,The Addams Family,1991,https://boxd.it/267g
2020-12-30,An American Werewolf in London,1981,https://boxd.it/29yk
2020-12-30,Camouflage,1977,https://boxd.it/4tms
2020-12-30,Dracula: Prince of Darkness,1966,https://boxd.it/1JcM
2020-12-30,The Golden Cockerel,1964,https://boxd.it/5QYQ
2020-12-30,Invaders from Mars,1953,https://boxd.it/1Dvo
2020-12-30,Malcolm X,1992,https://boxd.it/27WE
2020-12-30,Moby Dick,1956,https://boxd.it/1Wvi
2020-12-30,Río Escondido,1948,https://boxd.it/3Yd0
2020-12-30,13th,2016,https://boxd.it/elNg
2020-12-30,The 36th Chamber of Shaolin,1978,https://boxd.it/1SXC
2020-12-30,The Cabin in the Woods,2011,https://boxd.it/1zOc
2020-12-30,The Parallax View,1974,https://boxd.it/1ILG
2020-12-30,Scent of a Woman,1992,https://boxd.it/1YAu
2020-12-30,Men in Black,1997,https://boxd.it/2a0I
2020-12-30,War of the Worlds,2005,https://boxd.it/2bde
2020-12-30,Wallace & Gromit: The Curse of the Were-Rabbit,2005,https://boxd.it/2ac0
2020-12-30,The Bourne Ultimatum,2007,https://boxd.it/26Eu
2020-12-30,Up in the Air,2009,https://boxd.it/1zPY
2020-12-30,Kung Fu Panda 2,2011,https://boxd.it/G36
2020-12-30,The Square,2013,https://boxd.it/4Yqg
2020-12-30,Deepwater Horizon,2016,https://boxd.it/9oiU
2020-12-30,Extremis,2016,https://boxd.it/dKYc
2020-12-30,Icarus,2017,https://boxd.it/fmje
2020-12-30,Heroin(e),2017,https://boxd.it/h3GM
2020-12-30,Period. End of Sentence.,2018,https://boxd.it/j2oQ
2020-12-30,End Game,2018,https://boxd.it/isyA
2020-12-30,The Edge of Democracy,2019,https://boxd.it/kLiA
2020-12-30,American Factory,2019,https://boxd.it/kJuY
2020-12-30,Silver Linings Playbook,2012,https://boxd.it/2TTo
2020-12-30,Blockade,1938,https://boxd.it/4MNC
2020-12-30,The Gang's All Here,1943,https://boxd.it/2etk
2020-12-30,Houseboat,1958,https://boxd.it/28Sy
2020-12-30,Daisy Miller,1974,https://boxd.it/23W6
2020-12-30,Legend,1985,https://boxd.it/1SCY
2020-12-30,Addams Family Values,1993,https://boxd.it/26mq
2020-12-30,Training Day,2001,https://boxd.it/27A4
2020-12-30,Ali,2001,https://boxd.it/205e
2020-12-30,Blood Diamond,2006,https://boxd.it/28Tm
2020-12-30,Juno,2007,https://boxd.it/210a
2020-12-30,August Rush,2007,https://boxd.it/23kQ
2020-12-30,Tropic Thunder,2008,https://boxd.it/20WM
2020-12-30,Hacksaw Ridge,2016,https://boxd.it/azew
2020-12-30,Hell or High Water,2016,https://boxd.it/bfGM
2020-12-30,Passengers,2016,https://boxd.it/8lFu
2020-12-30,A Fantastic Woman,2017,https://boxd.it/fcGi
2020-12-30,"Life, Animated",2016,https://boxd.it/d4IQ
2020-12-30,RBG,2018,https://boxd.it/hLS8
2020-12-30,Charade,1963,https://boxd.it/23O2
2020-12-30,Us and Them,2018,https://boxd.it/ip3a
2020-12-30,Happy as Lazzaro,2018,https://boxd.it/hiVs
2020-12-30,Divines,2016,https://boxd.it/dLDY
2020-12-30,Private Life,2018,https://boxd.it/gn9Q
2020-12-30,Maudie,2016,https://boxd.it/ceaW
2020-12-30,The Innocents,2016,https://boxd.it/cBcQ
2020-12-30,My Happy Family,2017,https://boxd.it/fkgs
2020-12-30,Marlina the Murderer in Four Acts,2017,https://boxd.it/gazQ
2020-12-30,I Am Not a Witch,2017,https://boxd.it/g1yY
2020-12-30,Killing Them Softly,2012,https://boxd.it/IQ
2020-12-30,Collective,2019,https://boxd.it/mRVi
2020-12-30,Lovers Rock,2020,https://boxd.it/Cpn0
2020-12-30,The Three Deaths of Marisela Escobedo,2020,https://boxd.it/sh3Q
2020-12-30,LA 92,2017,https://boxd.it/g4Ca
2020-12-30,The Silence of Others,2018,https://boxd.it/i4Z8
2020-12-30,Crip Camp: A Disability Revolution,2020,https://boxd.it/oiOg
2020-12-30,"Love, Antosha",2019,https://boxd.it/kIjK
2020-12-30,Gleason,2016,https://boxd.it/cXQS
2020-12-30,Witness for the Prosecution,1957,https://boxd.it/18H4
2020-12-30,3 Idiots,2009,https://boxd.it/1Dsa
2020-12-30,Like Stars on Earth,2007,https://boxd.it/20SA
2020-12-30,The Sting,1973,https://boxd.it/1Z5s
2020-12-30,Die Hard,1988,https://boxd.it/2a7u
2020-12-30,The Secret in Their Eyes,2009,https://boxd.it/1vWw
2020-12-30,Judgment at Nuremberg,1961,https://boxd.it/29xc
2020-12-30,My Father and My Son,2005,https://boxd.it/1QgQ
2020-12-30,Anand,1971,https://boxd.it/1uhM
2020-12-30,The Sixth Sense,1999,https://boxd.it/29Js
2020-12-30,Room,2015,https://boxd.it/7T0y
2020-12-30,The Bandit,1996,https://boxd.it/1sVq
2020-12-30,Andhadhun,2018,https://boxd.it/jtfc
2020-12-30,Mary and Max,2009,https://boxd.it/1y2m
2020-12-30,To Be or Not to Be,1942,https://boxd.it/2aTy
2020-12-30,Dead Poets Society,1989,https://boxd.it/2aSg
2020-12-30,Harry Potter and the Deathly Hallows: Part 2,2011,https://boxd.it/1RYk
2020-12-30,The Wages of Fear,1953,https://boxd.it/2aSK
2020-12-30,Vikram Vedha,2017,https://boxd.it/fkaY
2020-12-30,Gangs of Wasseypur – Part 1,2012,https://boxd.it/3UHK
2020-12-30,Rififi,1955,https://boxd.it/29f8
2020-12-30,The Invisible Guest,2016,https://boxd.it/euce
2020-12-30,Drishyam,2015,https://boxd.it/bQgm
2020-12-30,A Silent Voice,2016,https://boxd.it/d99c
2020-12-30,Tangerines,2013,https://boxd.it/71vM
2020-12-30,Berlin: Symphony of a Great City,1927,https://boxd.it/2aQk
2020-12-30,Dumb and Dumber,1994,https://boxd.it/206m
2020-12-30,Our Planet: Behind The Scenes,2019,https://boxd.it/mZWo
2020-12-30,Winter on Fire: Ukraine's Fight for Freedom,2015,https://boxd.it/bYWU
2020-12-30,Edge of Tomorrow,2014,https://boxd.it/4pD0
2020-12-30,Human Flow,2017,https://boxd.it/gLUw
2020-12-30,Dredd,2012,https://boxd.it/GZE
2020-12-30,Les Misérables,2012,https://boxd.it/2TT4
2020-12-30,The Immigrant,2013,https://boxd.it/4O2e
2020-12-30,The Report,2019,https://boxd.it/j2X2
2020-12-30,The 40 Year Old Virgin,2005,https://boxd.it/21hK
2020-12-30,Jackass Number Two,2006,https://boxd.it/1SyM
2020-12-30,Teenage Mutant Ninja Turtles,1990,https://boxd.it/28FY
2020-12-30,All Dogs Go to Heaven,1989,https://boxd.it/1TIo
2020-12-30,"Bon Voyage, Charlie Brown (and Don't Come Back!)",1980,https://boxd.it/1jPo
2020-12-30,"Race for Your Life, Charlie Brown",1977,https://boxd.it/1it2
2020-12-30,Game of Death,1978,https://boxd.it/1Qpe
2020-12-30,Monstrosity,1963,https://boxd.it/18hq
2020-12-30,"The Phantom from 10,000 Leagues",1955,https://boxd.it/1nyc
2020-12-30,Saint Joan,1957,https://boxd.it/3F5Q
2020-12-30,The Flying Serpent,1946,https://boxd.it/1npa
2020-12-30,The Devil's Backbone,2001,https://boxd.it/28Li
2020-12-30,The Maid,2009,https://boxd.it/1ruo
2020-12-30,The Brainiac,1962,https://boxd.it/Vzm
2020-12-30,Chabelo y Pepito detectives,1974,https://boxd.it/5GMK
2020-12-30,Mark of the Dead Man,1961,https://boxd.it/gvCw
2020-12-30,Ghost Town,1963,https://boxd.it/cLjC
2020-12-30,Chabelo and Pepito vs. the Monsters,1973,https://boxd.it/43Hu
2020-12-30,The Vampire's Coffin,1958,https://boxd.it/44Rg
2020-12-30,Blue Demon vs. the Diabolical Women,1968,https://boxd.it/cP3y
2020-12-30,Isle of the Snake People,1971,https://boxd.it/D38
2020-12-30,Children Who Chase Lost Voices,2011,https://boxd.it/2M6k
2020-12-30,Pacific Rim: Uprising,2018,https://boxd.it/83Qa
2020-12-30,Modest Heroes,2018,https://boxd.it/iDYa
2020-12-30,37 Seconds,2019,https://boxd.it/kWb6
2020-12-30,Fireworks,2017,https://boxd.it/fjvm
2020-12-30,The Forest of Love,2019,https://boxd.it/nqbk
2020-12-30,Hikaru Utada Laughter in the Dark Tour 2018,2019,https://boxd.it/mBmc
2020-12-30,Violet Evergarden: Eternity and the Auto Memory Doll,2019,https://boxd.it/mzze
2020-12-30,MOTHER,2020,https://boxd.it/q7mE
2020-12-30,NiNoKuni,2019,https://boxd.it/lTcs
2020-12-30,Promare,2019,https://boxd.it/keFQ
2020-12-30,Ghost in the Shell: Stand Alone Complex – The Laughing Man,2005,https://boxd.it/1GeA
2020-12-30,Hara-Kiri: Death of a Samurai,2011,https://boxd.it/32BI
2020-12-30,Highway Patrolman,1991,https://boxd.it/tis
2020-12-30,Mary and the Witch's Flower,2017,https://boxd.it/ffTY
2020-12-30,Still the Water,2014,https://boxd.it/7Ud4
2020-12-30,Inori,2012,https://boxd.it/46FG
2020-12-30,Train to Busan,2016,https://boxd.it/dSQU
2020-12-30,Tune in for Love,2019,https://boxd.it/kVUO
2020-12-30,The Witch: Part 1. The Subversion,2018,https://boxd.it/jhIm
2020-12-30,Oliver Twist,2005,https://boxd.it/2aKG
2020-12-30,WHAT DID JACK DO?,2017,https://boxd.it/jcWe
2020-12-30,Altered Carbon: Resleeved,2020,https://boxd.it/oLbW
2020-12-30,Teen Titans Go! To the Movies,2018,https://boxd.it/h13o
2020-12-30,Negative Space,2017,https://boxd.it/guxK
2020-12-30,Hellboy Animated: Sword of Storms,2006,https://boxd.it/1JHg
2020-12-30,Worlds of Ursula K. Le Guin,2018,https://boxd.it/jfg6
2020-12-30,Cowboy Bebop,1998,https://boxd.it/ptES
2020-12-30,The Tatami Galaxy,2010,https://boxd.it/oL50
2020-12-30,Serial Experiments Lain,1998,https://boxd.it/hYQE
2020-12-30,Paranoia Agent,2004,https://boxd.it/lPy0
2020-12-30,The Witch,1954,https://boxd.it/7lG6
2020-12-30,The Revived Monster,1953,https://boxd.it/9nH0
2020-12-31,The Secret of Kells,2009,https://boxd.it/1sMI
2020-12-31,Cléo from 5 to 7,1962,https://boxd.it/2agm
2021-01-01,The Boy and the Heron,2023,https://boxd.it/ipeM
2021-01-01,Earwig and the Witch,2020,https://boxd.it/pu34
2021-01-01,The Call,2020,https://boxd.it/l94W
2021-01-02,The Lobster,2015,https://boxd.it/7tnw
2021-01-02,The Favourite,2018,https://boxd.it/d2hI
2021-01-02,Dogtooth,2009,https://boxd.it/158K
2021-01-02,Alps,2011,https://boxd.it/2RHg
2021-01-02,Swiss Army Man,2016,https://boxd.it/bDG2
2021-01-02,Good Time,2017,https://boxd.it/fcFu
2021-01-02,First Reformed,2017,https://boxd.it/go9C
2021-01-02,High Life,2018,https://boxd.it/d6bk
2021-01-02,Breathless,1960,https://boxd.it/2aIK
2021-01-02,Shoah,1985,https://boxd.it/XSK
2021-01-02,Close-Up,1990,https://boxd.it/1m9q
2021-01-02,Journey to Italy,1954,https://boxd.it/26o2
2021-01-02,Children of Paradise,1945,https://boxd.it/26H4
2021-01-02,A Brighter Summer Day,1991,https://boxd.it/1Luy
2021-01-02,"Aguirre, the Wrath of God",1972,https://boxd.it/27Fe
2021-01-02,Yi Yi,2000,https://boxd.it/1vCw
2021-01-02,Touki Bouki,1973,https://boxd.it/2H44
2021-01-02,King Kong,1933,https://boxd.it/2aMM
2021-01-02,Uncle Boonmee Who Can Recall His Past Lives,2010,https://boxd.it/168Q
2021-01-02,La Strada,1954,https://boxd.it/2asi
2021-01-02,"The Devil, Probably",1977,https://boxd.it/1hJe
2021-01-02,"Salò, or the 120 Days of Sodom",1975,https://boxd.it/237s
2021-01-02,Love Streams,1984,https://boxd.it/zOk
2021-01-02,The Piano,1993,https://boxd.it/29Kq
2021-01-02,Who's Afraid of Virginia Woolf?,1966,https://boxd.it/2atK
2021-01-02,Son of the White Mare,1981,https://boxd.it/10f2
2021-01-02,Angel's Egg,1985,https://boxd.it/1LeA
2021-01-02,"Night Is Short, Walk on Girl",2017,https://boxd.it/ffwA
2021-01-02,Tower,2016,https://boxd.it/dg60
2021-01-02,Coraline,2009,https://boxd.it/1NhQ
2021-01-02,Dou kyu sei – Classmates,2016,https://boxd.it/cW8g
2021-01-02,Liz and the Blue Bird,2018,https://boxd.it/hksW
2021-01-02,Aladdin,1992,https://boxd.it/29yE
2021-01-02,Isle of Dogs,2018,https://boxd.it/dZrW
2021-01-02,In This Corner of the World,2016,https://boxd.it/d9kY
2021-01-02,The Plague Dogs,1982,https://boxd.it/1m38
2021-01-02,Azur & Asmar: The Princes' Quest,2006,https://boxd.it/1FQy
2021-01-02,Tekkonkinkreet,2006,https://boxd.it/1Pui
2021-01-02,Redline,2009,https://boxd.it/2pQ0
2021-01-02,Ethel & Ernest,2016,https://boxd.it/eARi
2021-01-02,Cannibal Holocaust,1980,https://boxd.it/1ZWQ
2021-01-02,White Fang,2018,https://boxd.it/ghOI
2021-01-02,Anina,2013,https://boxd.it/5uGU
2021-01-02,Virus Tropical,2017,https://boxd.it/h7LG
2021-01-02,Fritzi: A Revolutionary Tale,2019,https://boxd.it/lAYC
2021-01-02,The Prince’s Voyage,2019,https://boxd.it/l8kE
2021-01-02,Vampires in Havana,1985,https://boxd.it/3b0w
2021-01-02,The Prophet,2014,https://boxd.it/8Keo
2021-01-02,"Ruben Brandt, Collector",2018,https://boxd.it/jO16
2021-01-02,The Tragedy of Man,2011,https://boxd.it/3SeQ
2021-01-02,Santa Sangre,1989,https://boxd.it/1FrI
2021-01-04,Poltergeist,1982,https://boxd.it/2a0o
2021-01-04,Pee-wee's Big Adventure,1985,https://boxd.it/22Lw
2021-01-04,Frankenweenie,2012,https://boxd.it/bPS
2021-01-04,Bacurau,2019,https://boxd.it/fSUG
2021-01-04,The Forty-Year-Old Version,2020,https://boxd.it/mYXq
2021-01-04,Mangrove,2020,https://boxd.it/qEAa
2021-01-04,"Red, White and Blue",2020,https://boxd.it/siQE
2021-01-04,Alex Wheatle,2020,https://boxd.it/sff6
2021-01-04,Education,2020,https://boxd.it/sTpK
2021-01-04,Small Axe,2020,https://boxd.it/rVjM
2021-01-04,Swallow,2019,https://boxd.it/lA0i
2021-01-04,The Good Girls,2018,https://boxd.it/jJtO
2021-01-04,The Babadook,2014,https://boxd.it/77xu
2021-01-04,A Goofy Movie,1995,https://boxd.it/1Lwu
2021-01-04,Sorry to Bother You,2018,https://boxd.it/f21E
2021-01-04,Shiva Baby,2020,https://boxd.it/oIv0
2021-01-04,Tove,2020,https://boxd.it/msKO
2021-01-04,Pieces of a Woman,2020,https://boxd.it/nOrQ
2021-01-04,Underplayed,2020,https://boxd.it/rDfC
2021-01-04,One Night in Miami...,2020,https://boxd.it/oCUo
2021-01-04,Supernova,2020,https://boxd.it/nQ6K
2021-01-04,French Exit,2020,https://boxd.it/m81Y
2021-01-04,Still Processing,2020,https://boxd.it/oSfQ
2021-01-04,Raya and the Last Dragon,2021,https://boxd.it/jbkI
2021-01-04,Luca,2021,https://boxd.it/ipjC
2021-01-04,West Side Story,2021,https://boxd.it/iwt0
2021-01-05,Treasure Planet,2002,https://boxd.it/1Znm
2021-01-05,Lady and the Tramp,1955,https://boxd.it/1Wv8
2021-01-05,Atlantis: The Lost Empire,2001,https://boxd.it/1Vck
2021-01-05,The Aristocats,1970,https://boxd.it/1X3Y
2021-01-05,One Hundred and One Dalmatians,1961,https://boxd.it/1SeC
2021-01-05,The Fox and the Hound,1981,https://boxd.it/1V0o
2021-01-05,The Many Adventures of Winnie the Pooh,1977,https://boxd.it/7l0Y
2021-01-05,Robin Hood,1973,https://boxd.it/1SRa
2021-01-05,The Jungle Book,1967,https://boxd.it/1YY2
2021-01-05,Saludos Amigos,1942,https://boxd.it/1N8u
2021-01-05,The Three Caballeros,1944,https://boxd.it/1Lae
2021-01-05,Life of Pi,2012,https://boxd.it/37pC
2021-01-05,Brokeback Mountain,2005,https://boxd.it/2b2q
2021-01-05,Russian Ark,2002,https://boxd.it/1JQM
2021-01-05,Chimes at Midnight,1965,https://boxd.it/299k
2021-01-05,PVC-1,2007,https://boxd.it/11ok
2021-01-06,Mind Game,2004,https://boxd.it/1Bv2
2021-01-06,Mulan,1998,https://boxd.it/1VFw
2021-01-06,The Pinchcliffe Grand Prix,1975,https://boxd.it/hJe6
2021-01-06,The King and the Mockingbird,1980,https://boxd.it/1At0
2021-01-06,Fantasia,1940,https://boxd.it/29HG
2021-01-06,Lilo & Stitch,2002,https://boxd.it/1TAY
2021-01-06,When the Wind Blows,1986,https://boxd.it/1VdC
2021-01-06,A Town Called Panic,2009,https://boxd.it/11ki
2021-01-06,Marona's Fantastic Tale,2019,https://boxd.it/kQVi
2021-01-06,Barefoot Gen,1983,https://boxd.it/1OMK
2021-01-06,Kirikou and the Sorceress,1998,https://boxd.it/1C3y
2021-01-06,Waking Life,2001,https://boxd.it/1Zdc
2021-01-06,A Trip to the Moon,1902,https://boxd.it/29EC
2021-01-06,Titanic,1997,https://boxd.it/2a2k
2021-01-06,Persona,1966,https://boxd.it/29B4
2021-01-06,Dunkirk,2017,https://boxd.it/d0Y6
2021-01-06,The Grandmaster,2013,https://boxd.it/QU0
2021-01-06,Mad Max: Fury Road,2015,https://boxd.it/2DjO
2021-01-06,Whiplash,2014,https://boxd.it/7bQA
2021-01-06,Spirit: Stallion of the Cimarron,2002,https://boxd.it/1Zmo
2021-01-06,World of Tomorrow,2015,https://boxd.it/9Gr6
2021-01-06,World of Tomorrow Episode Two: The Burden of Other People's Thoughts,2017,https://boxd.it/gU8m
2021-01-06,Rejected,2000,https://boxd.it/1gZU
2021-01-06,The Hunger Games: Mockingjay – Part 1,2014,https://boxd.it/4hka
2021-01-06,The Hunger Games: Mockingjay – Part 2,2015,https://boxd.it/4hk0
2021-01-06,Lovesong,2016,https://boxd.it/cSSY
2021-01-06,Never Look Away,2018,https://boxd.it/eZns
2021-01-06,Bowling for Columbine,2002,https://boxd.it/28Ls
2021-01-06,Fahrenheit 9/11,2004,https://boxd.it/28a2
2021-01-06,Roger & Me,1989,https://boxd.it/289I
2021-01-06,The Cat in the Hat,2003,https://boxd.it/1VSU
2021-01-06,Man on the Moon,1999,https://boxd.it/281k
2021-01-06,Kagemusha,1980,https://boxd.it/1SGG
2021-01-07,Hellboy,2004,https://boxd.it/28HK
2021-01-07,Hellboy II: The Golden Army,2008,https://boxd.it/1Ug6
2021-01-07,Blade II,2002,https://boxd.it/1agO
2021-01-07,Jurassic World: Fallen Kingdom,2018,https://boxd.it/bOnU
2021-01-07,Furious 7,2015,https://boxd.it/5cVs
2021-01-07,Despicable Me 2,2013,https://boxd.it/3gg0
2021-01-07,Fast & Furious 6,2013,https://boxd.it/2UG6
2021-01-07,Indiana Jones and the Kingdom of the Crystal Skull,2008,https://boxd.it/2aR8
2021-01-07,Wolf Warrior 2,2017,https://boxd.it/g8Ho
2021-01-07,Transformers: Dark of the Moon,2011,https://boxd.it/16aC
2021-01-07,Aquaman,2018,https://boxd.it/9ru0
2021-01-07,Jumanji: Welcome to the Jungle,2017,https://boxd.it/bUeE
2021-01-07,The Hunger Games: Catching Fire,2013,https://boxd.it/3sAw
2021-01-07,Transformers: Revenge of the Fallen,2009,https://boxd.it/20gG
2021-01-07,Inside Man,2006,https://boxd.it/2auS
2021-01-07,D.O.A.,1949,https://boxd.it/1FUg
2021-01-07,Asylum,1972,https://boxd.it/1uGM
2021-01-07,Freeway,1996,https://boxd.it/1Uju
2021-01-07,Bernie,2011,https://boxd.it/3eWe
2021-01-07,Zulu,1964,https://boxd.it/1O6Y
2021-01-07,Blood and Black Lace,1964,https://boxd.it/1qme
2021-01-07,Gremlins,1984,https://boxd.it/29gg
2021-01-07,The Dead Zone,1983,https://boxd.it/1U6g
2021-01-07,Into the Night,1985,https://boxd.it/1U5W
2021-01-07,Gremlins 2: The New Batch,1990,https://boxd.it/29g6
2021-01-07,Hairspray,1988,https://boxd.it/1UKK
2021-01-07,Dragons Forever,1988,https://boxd.it/1BtK
2021-01-07,Out of Sight,1998,https://boxd.it/28R6
2021-01-07,Frailty,2001,https://boxd.it/1Sqe
2021-01-07,Man on Fire,2004,https://boxd.it/1Yvk
2021-01-07,[REC],2007,https://boxd.it/20ma
2021-01-07,Timecrimes,2007,https://boxd.it/1OGM
2021-01-07,The One I Love,2014,https://boxd.it/77gy
2021-01-07,The Gift,2015,https://boxd.it/aJMy
2021-01-07,She's Gotta Have It,1986,https://boxd.it/1quC
2021-01-07,Beverly Hills Cop,1984,https://boxd.it/2baE
2021-01-07,Dilwale Dulhania Le Jayenge,1995,https://boxd.it/1F9k
2021-01-07,Clueless,1995,https://boxd.it/1Ygk
2021-01-08,The Duke of Burgundy,2014,https://boxd.it/7kwu
2021-01-08,In Fabric,2018,https://boxd.it/h2sY
2021-01-09,Battle of the Sexes,2017,https://boxd.it/cNxw
2021-01-09,Alice in Wonderland,1951,https://boxd.it/1Sz6
2021-01-09,Moana,2016,https://boxd.it/8tfY
2021-01-09,Song of the South,1946,https://boxd.it/1PhI
2021-01-09,Cinderella,1950,https://boxd.it/1Uki
2021-01-09,Babes in Toyland,1961,https://boxd.it/1gQ4
2021-01-09,The Rescuers,1977,https://boxd.it/1U8Q
2021-01-09,Pete's Dragon,1977,https://boxd.it/1UBy
2021-01-09,Upgrade,2018,https://boxd.it/i4gW
2021-01-10,A Rainy Day in New York,2019,https://boxd.it/h2z6
2021-01-10,Captain Fantastic,2016,https://boxd.it/b2K2
2021-01-10,Mr. Magorium's Wonder Emporium,2007,https://boxd.it/271o
2021-01-10,Honey Boy,2019,https://boxd.it/ixvm
2021-01-10,Joker: Put on a Happy Face,2020,https://boxd.it/ryKq
2021-01-10,Lu Over the Wall,2017,https://boxd.it/ftYy
2021-01-10,Ride Your Wave,2019,https://boxd.it/jhcg
2021-01-10,Devilman Crybaby,2018,https://boxd.it/muwa
2021-01-10,Ping Pong the Animation,2014,https://boxd.it/oL1s
2021-01-10,Genius Party,2007,https://boxd.it/12qm
2021-01-10,Keep Your Hands Off Eizouken!,2020,https://boxd.it/pxs2
2021-01-10,Kaiba,2008,https://boxd.it/qIGc
2021-01-10,INU-OH,2021,https://boxd.it/nQDE
2021-01-10,Kemonozume,2006,https://boxd.it/px3G
2021-01-10,Japan Sinks 2020 Theatrical Edition - Shizumanuki Bow -,2020,https://boxd.it/rzoK
2021-01-10,The Way of the Wind,,https://boxd.it/mqE0
2021-01-10,It Follows,2014,https://boxd.it/87wo
2021-01-10,Eyes Without a Face,1960,https://boxd.it/1j9i
2021-01-10,The Lodge,2019,https://boxd.it/h2c2
2021-01-10,A Dark Song,2016,https://boxd.it/epo0
2021-01-11,The Reluctant Dragon,1941,https://boxd.it/1A6K
2021-01-11,The Little Mermaid,1989,https://boxd.it/1WYO
2021-01-11,James and the Giant Peach,1996,https://boxd.it/1W0O
2021-01-11,The Hunchback of Notre Dame,1996,https://boxd.it/1VZQ
2021-01-11,Pocahontas,1995,https://boxd.it/1W2g
2021-01-11,Hercules,1997,https://boxd.it/1SDW
2021-01-11,A Bug's Life,1998,https://boxd.it/1Yyy
2021-01-11,Fantasia 2000,1999,https://boxd.it/ENG
2021-01-11,The Emperor's New Groove,2000,https://boxd.it/1Tey
2021-01-11,Brother Bear,2003,https://boxd.it/1Xjs
2021-01-11,A Christmas Carol,2009,https://boxd.it/1HKW
2021-01-11,The Princess and the Frog,2009,https://boxd.it/1WQq
2021-01-11,Brave,2012,https://boxd.it/bVG
2021-01-11,Monsters University,2013,https://boxd.it/bQm
2021-01-11,The Good Dinosaur,2015,https://boxd.it/3AD4
2021-01-11,Finding Dory,2016,https://boxd.it/4aAA
2021-01-11,Incredibles 2,2018,https://boxd.it/7IPg
2021-01-11,The Lion King,1994,https://boxd.it/201Q
2021-01-11,The Adventures of Ichabod and Mr. Toad,1949,https://boxd.it/1Q7E
2021-01-11,Pink Flamingos,1972,https://boxd.it/29NO
2021-01-12,His House,2020,https://boxd.it/l8Qq
2021-01-12,And Then We Danced,2019,https://boxd.it/m0e6
2021-01-12,Rocks,2019,https://boxd.it/l8Qg
2021-01-12,Summerland,2020,https://boxd.it/j1S6
2021-01-12,My Brother Jordan,2020,https://boxd.it/rsba
2021-01-12,David Attenborough: A Life on Our Planet,2020,https://boxd.it/oIvu
2021-01-12,Aswang,2019,https://boxd.it/nTcc
2021-01-12,The Metamorphosis of Birds,2020,https://boxd.it/oJsw
2021-01-12,Little Girl,2020,https://boxd.it/opAg
2021-01-12,Boys State,2020,https://boxd.it/oiNW
2021-01-12,System Crasher,2019,https://boxd.it/kO1W
2021-01-12,House of Hummingbird,2018,https://boxd.it/jZ8C
2021-01-12,Corpus Christi,2019,https://boxd.it/gULy
2021-01-12,Vitalina Varela,2019,https://boxd.it/gMWo
2021-01-12,Identifying Features,2020,https://boxd.it/oina
2021-01-12,Papicha,2019,https://boxd.it/lPAq
2021-01-12,Happy Old Year,2019,https://boxd.it/nglu
2021-01-12,Les Misérables,2019,https://boxd.it/lAPA
2021-01-12,Shithouse,2020,https://boxd.it/nCFc
2021-01-12,We Bare Bears: The Movie,2020,https://boxd.it/pg7m
2021-01-12,Kajillionaire,2020,https://boxd.it/jJDY
2021-01-12,The Gentlemen,2019,https://boxd.it/iYBQ
2021-01-12,Spontaneous,2020,https://boxd.it/mjPq
2021-01-12,Deerskin,2019,https://boxd.it/lqOW
2021-01-12,La Llorona,2019,https://boxd.it/mQqe
2021-01-12,The Wolf of Snow Hollow,2020,https://boxd.it/oeu2
2021-01-12,Last and First Men,2020,https://boxd.it/kKi0
2021-01-12,Bill & Ted Face the Music,2020,https://boxd.it/i7BI
2021-01-12,The Platform,2019,https://boxd.it/mUm6
2021-01-12,World of Tomorrow Episode Three: The Absent Destinations of David Prime,2020,https://boxd.it/rmsk
2021-01-12,The Queen's Gambit,2020,https://boxd.it/s1Ym
2021-01-12,Adventure Time: Distant Lands,2020,https://boxd.it/qXPI
2021-01-12,The Last Dance,2020,https://boxd.it/pVfc
2021-01-12,The Mole Agent,2020,https://boxd.it/oiRO
2021-01-12,The French Dispatch,2021,https://boxd.it/jLP8
2021-01-12,The King's Man,2021,https://boxd.it/h714
2021-01-12,The Legend of Hei,2019,https://boxd.it/mWC6
2021-01-12,964 Pinocchio,1991,https://boxd.it/EhA
2021-01-12,The Lord of the Rings,1978,https://boxd.it/2b5k
2021-01-12,Fire and Ice,1983,https://boxd.it/1MX2
2021-01-12,Hey Good Lookin',1982,https://boxd.it/1hvm
2021-01-12,The Grinch,2018,https://boxd.it/chpK
2021-01-12,How the Grinch Stole Christmas!,1966,https://boxd.it/1Qj6
2021-01-12,Monty Python's The Meaning of Life,1983,https://boxd.it/249E
2021-01-12,The Adventures of Baron Munchausen,1988,https://boxd.it/1NXs
2021-01-12,The Man Who Killed Don Quixote,2018,https://boxd.it/9rkY
2021-01-12,Star Wars: The Last Jedi,2017,https://boxd.it/5xme
2021-01-12,Star Wars: The Rise of Skywalker,2019,https://boxd.it/5xlK
2021-01-12,Hot Fuzz,2007,https://boxd.it/2416
2021-01-13,The Black Hole,1979,https://boxd.it/1Ylu
2021-01-13,Anastasia,1997,https://boxd.it/1YFk
2021-01-13,Mishima: A Life in Four Chapters,1985,https://boxd.it/1sBA
2021-01-13,George Harrison: Living in the Material World,2011,https://boxd.it/2CoI
2021-01-13,A Monster Calls,2016,https://boxd.it/7DjE
2021-01-13,The Congress,2013,https://boxd.it/4Ota
2021-01-13,An American Tail,1986,https://boxd.it/23wM
2021-01-13,"South Park: Bigger, Longer & Uncut",1999,https://boxd.it/1YAO
2021-01-13,Chico & Rita,2010,https://boxd.it/6O6
2021-01-13,ParaNorman,2012,https://boxd.it/2FuY
2021-01-13,The Boxtrolls,2014,https://boxd.it/5grw
2021-01-13,King of Jazz,1930,https://boxd.it/3EwG
2021-01-13,Gulliver's Travels,1939,https://boxd.it/WHw
2021-01-13,Happy Feet,2006,https://boxd.it/1XH0
2021-01-13,Tarzan,1999,https://boxd.it/18YO
2021-01-13,Shaun the Sheep Movie,2015,https://boxd.it/7Pdy
2021-01-13,Revolting Rhymes,2016,https://boxd.it/ffcg
2021-01-13,How to Train Your Dragon: The Hidden World,2019,https://boxd.it/5a9w
2021-01-13,Winter's Bone,2010,https://boxd.it/14FI
2021-01-13,The Kids Are All Right,2010,https://boxd.it/13f0
2021-01-14,Rent-A-Pal,2020,https://boxd.it/qswq
2021-01-14,The Show,2020,https://boxd.it/kP3E
2021-01-14,Primer,2004,https://boxd.it/6YA
2021-01-14,Caché,2005,https://boxd.it/2amY
2021-01-14,Certified Copy,2010,https://boxd.it/IMW
2021-01-14,Coherence,2013,https://boxd.it/6xza
2021-01-14,More,1969,https://boxd.it/1C6M
2021-01-14,The Valley,1972,https://boxd.it/970
2021-01-14,Monsieur René Magritte,1978,https://boxd.it/3I
2021-01-15,History of the Occult,2020,https://boxd.it/o7Ho
2021-01-15,Through a Glass Darkly,1961,https://boxd.it/1TrW
2021-01-15,Queen & Slim,2019,https://boxd.it/jy4y
2021-01-15,Bliss,2019,https://boxd.it/lAok
2021-01-15,The Souvenir,2019,https://boxd.it/gXU4
2021-01-15,Brawl in Cell Block 99,2017,https://boxd.it/dWOo
2021-01-15,Dragged Across Concrete,2018,https://boxd.it/fAly
2021-01-15,Bone Tomahawk,2015,https://boxd.it/9kiw
2021-01-15,Martin Eden,2019,https://boxd.it/lqNO
2021-01-15,On the Rocks,2020,https://boxd.it/l8aY
2021-01-15,The Virgin Suicides,1999,https://boxd.it/28JG
2021-01-15,Marie Antoinette,2006,https://boxd.it/27Wa
2021-01-15,Manchester by the Sea,2016,https://boxd.it/b2L0
2021-01-15,Christopher Robin,2018,https://boxd.it/eSj4
2021-01-15,The Meyerowitz Stories (New and Selected),2017,https://boxd.it/dSp0
2021-01-15,Hotel Transylvania 2,2015,https://boxd.it/4ZLk
2021-01-15,Hotel Transylvania 3: Summer Vacation,2018,https://boxd.it/e1zI
2021-01-15,Elf,2003,https://boxd.it/1VyK
2021-01-15,The Jungle Book,2016,https://boxd.it/8wjk
2021-01-15,The Lion King,2019,https://boxd.it/eSjI
2021-01-15,The Night of the Hunter,1955,https://boxd.it/25HW
2021-01-15,Signs,2002,https://boxd.it/26t2
2021-01-16,Deep Red,1975,https://boxd.it/1E1E
2021-01-16,Intolerable Cruelty,2003,https://boxd.it/1T7i
2021-01-16,Shirley,2020,https://boxd.it/jY2o
2021-01-16,Wings,1927,https://boxd.it/1osO
2021-01-16,The Broadway Melody,1929,https://boxd.it/4dW
2021-01-16,All Quiet on the Western Front,1930,https://boxd.it/2b2g
2021-01-16,Cimarron,1931,https://boxd.it/VQC
2021-01-16,Grand Hotel,1932,https://boxd.it/1f2C
2021-01-16,Cavalcade,1933,https://boxd.it/pMI
2021-01-16,Mutiny on the Bounty,1935,https://boxd.it/1S5K
2021-01-16,The Great Ziegfeld,1936,https://boxd.it/UTg
2021-01-16,The Life of Emile Zola,1937,https://boxd.it/UT6
2021-01-16,You Can't Take It with You,1938,https://boxd.it/1ejM
2021-01-16,Mrs. Miniver,1942,https://boxd.it/1rXA
2021-01-16,Going My Way,1944,https://boxd.it/1Ihw
2021-01-16,The Lost Weekend,1945,https://boxd.it/1pgE
2021-01-16,Gentleman's Agreement,1947,https://boxd.it/1f3U
2021-01-16,Hamlet,1948,https://boxd.it/1ziq
2021-01-16,All the King's Men,1949,https://boxd.it/1vQI
2021-01-16,An American in Paris,1951,https://boxd.it/26kY
2021-01-16,The Greatest Show on Earth,1952,https://boxd.it/1smA
2021-01-16,From Here to Eternity,1953,https://boxd.it/1TRU
2021-01-16,Marty,1955,https://boxd.it/1Leg
2021-01-16,Around the World in Eighty Days,1956,https://boxd.it/268I
2021-01-16,Gigi,1958,https://boxd.it/1IT6
2021-01-16,Tom Jones,1963,https://boxd.it/22Ao
2021-01-16,My Fair Lady,1964,https://boxd.it/1UBI
2021-01-16,In the Heat of the Night,1967,https://boxd.it/1VLY
2021-01-16,Oliver!,1968,https://boxd.it/1HQU
2021-01-16,Patton,1970,https://boxd.it/1UnQ
2021-01-16,The French Connection,1971,https://boxd.it/296g
2021-01-16,Kramer vs. Kramer,1979,https://boxd.it/h0w
2021-01-16,Terms of Endearment,1983,https://boxd.it/1ULo
2021-01-16,Rain Man,1988,https://boxd.it/2avw
2021-01-16,Driving Miss Daisy,1989,https://boxd.it/2asC
2021-01-16,Dances with Wolves,1990,https://boxd.it/2a4K
2021-01-16,Shakespeare in Love,1998,https://boxd.it/27Pe
2021-01-16,Crash,2004,https://boxd.it/28q0
2021-01-16,Revolutionary Girl Utena: The Adolescence of Utena,1999,https://boxd.it/1EBM
2021-01-16,Cowboy Bebop: The Movie,2001,https://boxd.it/1Uc4
2021-01-16,Central Station,1998,https://boxd.it/29RG
2021-01-16,Woman in the Dunes,1964,https://boxd.it/1JNS
2021-01-16,Le Trou,1960,https://boxd.it/1nSw
2021-01-16,A Woman Under the Influence,1974,https://boxd.it/1myg
2021-01-16,Apur Sansar,1959,https://boxd.it/29l6
2021-01-16,Ordet,1955,https://boxd.it/Jiy
2021-01-16,Eternity and a Day,1998,https://boxd.it/1wSq
2021-01-16,Werckmeister Harmonies,2000,https://boxd.it/1zzw
2021-01-16,Late Spring,1949,https://boxd.it/1DkK
2021-01-16,The Cranes Are Flying,1957,https://boxd.it/169Y
2021-01-16,The Ascent,1977,https://boxd.it/Eew
2021-01-16,A Man Escaped,1956,https://boxd.it/1MzY
2021-01-16,Army of Shadows,1969,https://boxd.it/1Mli
2021-01-16,Love Exposure,2008,https://boxd.it/1pDe
2021-01-16,I Am Cuba,1964,https://boxd.it/1hUQ
2021-01-16,The Second Mother,2015,https://boxd.it/9Ydm
2021-01-16,Brief Encounter,1945,https://boxd.it/29sm
2021-01-16,The Best of Youth,2003,https://boxd.it/1Tje
2021-01-16,The Young Girls of Rochefort,1967,https://boxd.it/26K8
2021-01-16,A Special Day,1977,https://boxd.it/Xqc
2021-01-16,Still Walking,2008,https://boxd.it/1wvm
2021-01-16,The Life and Death of Colonel Blimp,1943,https://boxd.it/1wwk
2021-01-16,Rocco and His Brothers,1960,https://boxd.it/20bG
2021-01-16,Tampopo,1985,https://boxd.it/1SZe
2021-01-16,Funeral Parade of Roses,1969,https://boxd.it/28Cg
2021-01-16,Where Is the Friend's House?,1987,https://boxd.it/ELg
2021-01-16,Aparajito,1956,https://boxd.it/29kW
2021-01-16,La Notte,1961,https://boxd.it/10iU
2021-01-16,An Autumn Afternoon,1962,https://boxd.it/CUU
2021-01-16,Sweet Smell of Success,1957,https://boxd.it/29aW
2021-01-16,The Big City,1963,https://boxd.it/fI2
2021-01-16,A Matter of Life and Death,1946,https://boxd.it/1q6K
2021-01-16,Marketa Lazarová,1967,https://boxd.it/1uSS
2021-01-16,Raise the Red Lantern,1991,https://boxd.it/1WlC
2021-01-16,Z,1969,https://boxd.it/26pY
2021-01-16,Early Summer,1951,https://boxd.it/E4G
2021-01-16,Il Sorpasso,1962,https://boxd.it/1y7Q
2021-01-16,Umberto D.,1952,https://boxd.it/29vg
2021-01-16,Le Samouraï,1967,https://boxd.it/22ZI
2021-01-16,A Moment of Innocence,1996,https://boxd.it/T6W
2021-01-16,Opening Night,1977,https://boxd.it/1f4e
2021-01-16,We All Loved Each Other So Much,1974,https://boxd.it/XjK
2021-01-16,Ace in the Hole,1951,https://boxd.it/1vXk
2021-01-16,A Face in the Crowd,1957,https://boxd.it/2lyc
2021-01-16,Tokyo Twilight,1957,https://boxd.it/sq6
2021-01-16,Grand Illusion,1937,https://boxd.it/29Ei
2021-01-16,Nobody Knows,2004,https://boxd.it/26E0
2021-01-16,In a Lonely Place,1950,https://boxd.it/1JgO
2021-01-16,Samurai Rebellion,1967,https://boxd.it/2loc
2021-01-16,"Life, and Nothing More...",1992,https://boxd.it/2WEc
2021-01-16,Manila in the Claws of Light,1975,https://boxd.it/2taM
2021-01-16,La Belle Noiseuse,1991,https://boxd.it/1RxI
2021-01-16,Pastoral: To Die in the Country,1974,https://boxd.it/3xEI
2021-01-16,"Throw Away Your Books, Rally in the Streets",1971,https://boxd.it/3yio
2021-01-16,The Face of Another,1966,https://boxd.it/1nso
2021-01-16,Underground,1995,https://boxd.it/1SOA
2021-01-16,Once Upon a Time in Anatolia,2011,https://boxd.it/2yHG
2021-01-16,Gangs of Wasseypur – Part 2,2012,https://boxd.it/497i
2021-01-16,The Devils,1971,https://boxd.it/1inI
2021-01-16,The Nest,2020,https://boxd.it/jTqq
2021-01-16,In My Room,2020,https://boxd.it/rhXi
2021-01-16,Summer of 85,2020,https://boxd.it/oxQ2
2021-01-16,Cold Meridian,2020,https://boxd.it/pEC4
2021-01-16,Relic,2020,https://boxd.it/jEwS
2021-01-16,Mogul Mowgli,2020,https://boxd.it/oMpq
2021-01-16,Farewell Amor,2020,https://boxd.it/oinE
2021-01-16,Limbo,2020,https://boxd.it/khaw
2021-01-16,Gunda,2020,https://boxd.it/oJuC
2021-01-16,The Disciple,2020,https://boxd.it/riwi
2021-01-16,Film About a Father Who,2020,https://boxd.it/mqyQ
2021-01-16,Days,2020,https://boxd.it/oEE8
2021-01-16,Undine,2020,https://boxd.it/mM3K
2021-01-16,The Woman Who Ran,2020,https://boxd.it/oEEi
2021-01-17,Weathering with You,2019,https://boxd.it/kPxE
2021-01-17,2001: A Space Odyssey,1968,https://boxd.it/2bf0
2021-01-17,The Assassination of Jesse James by the Coward Robert Ford,2007,https://boxd.it/24dG
2021-01-18,Grave of the Fireflies,1988,https://boxd.it/1RUM
2021-01-18,Brotherhood of the Wolf,2001,https://boxd.it/21OY
2021-01-18,A Hidden Life,2019,https://boxd.it/eb1Q
2021-01-18,The Battle of Algiers,1966,https://boxd.it/1IRY
2021-01-18,Requiem for a Dream,2000,https://boxd.it/29VI
2021-01-18,Akira,1988,https://boxd.it/2b1i
2021-01-18,Castle in the Sky,1986,https://boxd.it/1W4G
2021-01-18,My Neighbor Totoro,1988,https://boxd.it/20eA
2021-01-18,The Cat Returns,2002,https://boxd.it/1Mne
2021-01-18,Porco Rosso,1992,https://boxd.it/1Tp2
2021-01-18,Nausicaä of the Valley of the Wind,1984,https://boxd.it/2bc6
2021-01-18,My Neighbors the Yamadas,1999,https://boxd.it/1KC2
2021-01-18,When Marnie Was There,2014,https://boxd.it/78pm
2021-01-18,The Tale of the Princess Kaguya,2013,https://boxd.it/4JQI
2021-01-18,Ponyo,2008,https://boxd.it/1S0A
2021-01-18,Only Yesterday,1991,https://boxd.it/1MR4
2021-01-18,The Wind Rises,2013,https://boxd.it/4JQS
2021-01-18,From Up on Poppy Hill,2011,https://boxd.it/2VCa
2021-01-18,Ocean Waves,1993,https://boxd.it/1CtQ
2021-01-18,Tales from Earthsea,2006,https://boxd.it/17ae
2021-01-18,Lupin the Third: The Castle of Cagliostro,1979,https://boxd.it/1Mn4
2021-01-18,Shutter Island,2010,https://boxd.it/1U82
2021-01-18,Inception,2010,https://boxd.it/1skk
2021-01-18,Klaus,2019,https://boxd.it/ipoi
2021-01-18,10 Cloverfield Lane,2016,https://boxd.it/aZiu
2021-01-18,Spider-Man: Into the Spider-Verse,2018,https://boxd.it/azpY
2021-01-18,Scenes from a Marriage,1973,https://boxd.it/rx6u
2021-01-18,Fanny and Alexander,1984,https://boxd.it/lXFe
2021-01-18,How the Grinch Stole Christmas,2000,https://boxd.it/1ZHQ
2021-01-18,Confessions of a Dangerous Mind,2002,https://boxd.it/23Gi
2021-01-18,Human Nature,2001,https://boxd.it/2ani
2021-01-18,Dead Ringers,1988,https://boxd.it/1Yqk
2021-01-18,To Die For,1995,https://boxd.it/2a5o
2021-01-18,Tetsuo: The Iron Man,1989,https://boxd.it/ZoM
2021-01-18,Crash,1996,https://boxd.it/29n2
2021-01-18,A History of Violence,2005,https://boxd.it/2bfa
2021-01-18,Beach Rats,2017,https://boxd.it/f5m6
2021-01-18,Invisible Life,2019,https://boxd.it/k1JU
2021-01-18,Pina,2011,https://boxd.it/n5W
2021-01-18,The Smell of Us,2014,https://boxd.it/4WF4
2021-01-18,The Wonders,2014,https://boxd.it/7Urq
2021-01-18,"That Day, on the Beach",1983,https://boxd.it/3Blg
2021-01-18,Days of Being Wild,1990,https://boxd.it/1HbC
2021-01-18,Temptress Moon,1996,https://boxd.it/K64
2021-01-18,Made,2001,https://boxd.it/1LBu
2021-01-18,The Quiet American,2002,https://boxd.it/20vQ
2021-01-21,Us,2019,https://boxd.it/gnV6
2021-01-21,Penguin Highway,2018,https://boxd.it/inGu
2021-01-21,Steven Universe: The Movie,2019,https://boxd.it/jyE2
2021-01-21,Pain and Glory,2019,https://boxd.it/iOBQ
2021-01-21,Black Mirror: Bandersnatch,2018,https://boxd.it/kTDG
2021-01-21,Land of Mine,2015,https://boxd.it/b5ee
2021-01-21,Son of Saul,2015,https://boxd.it/b6r4
2021-01-21,The Walk,2015,https://boxd.it/8Rao
2021-01-21,Cast Away,2000,https://boxd.it/20i8
2021-01-21,Nightcrawler,2014,https://boxd.it/780m
2021-01-21,Rogue One: A Star Wars Story,2016,https://boxd.it/aPvy
2021-01-21,Captain America: The Winter Soldier,2014,https://boxd.it/3r58
2021-01-21,Harry Potter and the Prisoner of Azkaban,2004,https://boxd.it/29Qy
2021-01-21,Little Miss Sunshine,2006,https://boxd.it/29EW
2021-01-21,Harry Potter and the Goblet of Fire,2005,https://boxd.it/29Qo
2021-01-21,Harry Potter and the Deathly Hallows: Part 1,2010,https://boxd.it/1RYu
2021-01-21,Harry Potter and the Half-Blood Prince,2009,https://boxd.it/29FU
2021-01-21,Rocketman,2019,https://boxd.it/iehK
2021-01-21,Borat: Cultural Learnings of America for Make Benefit Glorious Nation of Kazakhstan,2006,https://boxd.it/2agQ
2021-01-21,The Graduate,1967,https://boxd.it/18Im
2021-01-21,In Bruges,2008,https://boxd.it/20n8
2021-01-21,Vice,2018,https://boxd.it/fcFY
2021-01-21,The Lego Movie 2: The Second Part,2019,https://boxd.it/8BAU
2021-01-21,Magic Mike XXL,2015,https://boxd.it/7TTS
2021-01-21,Carrie,1976,https://boxd.it/20ZQ
2021-01-21,Mission: Impossible,1996,https://boxd.it/29d2
2021-01-21,Rolling Thunder Revue: A Bob Dylan Story by Martin Scorsese,2019,https://boxd.it/l5DI
2021-01-24,Evangelion: 3.0 You Can (Not) Redo,2012,https://boxd.it/2BwG
2021-01-24,Godzilla,2014,https://boxd.it/47OE
2021-01-24,Godzilla: King of the Monsters,2019,https://boxd.it/cY7Y
2021-01-24,Godzilla,1954,https://boxd.it/28kc
2021-01-24,Godzilla: Planet of the Monsters,2017,https://boxd.it/g1kC
2021-01-24,Godzilla: City on the Edge of Battle,2018,https://boxd.it/hLgo
2021-01-24,Godzilla: The Planet Eater,2018,https://boxd.it/jwJ0
2021-01-25,Dolemite Is My Name,2019,https://boxd.it/je6E
2021-01-25,Pretend It's a City,2021,https://boxd.it/tlWs
2021-01-25,Cloverfield,2008,https://boxd.it/2192
2021-01-25,Pacific Rim,2013,https://boxd.it/2cB2
2021-01-25,Godzilla,1998,https://boxd.it/29fW
2021-01-26,Colossal,2016,https://boxd.it/biZi
2021-01-26,Godzilla: Final Wars,2004,https://boxd.it/1Lz4
2021-01-27,Euphoria: F*ck Anyone Who’s Not a Sea Blob,2021,https://boxd.it/tMkU
2021-01-29,The Addams Family,2019,https://boxd.it/hhYg
2021-01-30,The Darjeeling Limited,2007,https://boxd.it/24as
2021-01-30,Bottle Rocket,1996,https://boxd.it/1PDa
2021-01-30,To Each His Own Cinema,2007,https://boxd.it/1bju
2021-01-30,Raising Arizona,1987,https://boxd.it/2avQ
2021-01-30,Blood Simple,1984,https://boxd.it/1U16
2021-01-30,The Hudsucker Proxy,1994,https://boxd.it/1SJA
2021-01-30,The Ladykillers,2004,https://boxd.it/22Z4
2021-01-30,Paterson,2016,https://boxd.it/cRk2
2021-01-30,The Dead Don't Die,2019,https://boxd.it/juZg
2021-01-30,The Skin I Live In,2011,https://boxd.it/99A
2021-01-30,The Flower of My Secret,1995,https://boxd.it/24we
2021-01-30,The Imaginarium of Doctor Parnassus,2009,https://boxd.it/20DA
2021-01-30,Radio Days,1987,https://boxd.it/1kms
2021-01-30,Day for Night,1973,https://boxd.it/28kG
2021-01-30,Young Frankenstein,1974,https://boxd.it/25To
2021-01-30,We the Poor,1948,https://boxd.it/woS
2021-01-30,Tizoc,1957,https://boxd.it/3vWK
2021-01-30,The Three Garcia,1947,https://boxd.it/3sBY
2021-01-30,Full Spead Ahead,1951,https://boxd.it/2qr6
2021-01-30,The Three Huastecos,1948,https://boxd.it/1lzC
2021-01-30,"One, Two, Three",1961,https://boxd.it/2ap4
2021-01-30,The Searchers,1956,https://boxd.it/25HC
2021-01-30,Falling Leaves,1912,https://boxd.it/4GkO
2021-01-30,Journey Through the Impossible,1904,https://boxd.it/263I
2021-01-30,The Cabbage-Patch Fairy,1900,https://boxd.it/3YxO
2021-01-30,The Hands of Orlac,1924,https://boxd.it/261W
2021-01-30,Intolerance: Love's Struggle Throughout the Ages,1916,https://boxd.it/25Qk
2021-01-30,Way Down East,1920,https://boxd.it/1iWo
2021-01-30,Orphans of the Storm,1921,https://boxd.it/WIE
2021-01-30,The Last Laugh,1924,https://boxd.it/22es
2021-01-30,Beauty and the Beast,1946,https://boxd.it/29UA
2021-01-30,Orpheus,1950,https://boxd.it/247o
2021-01-30,The Bride of Frankenstein,1935,https://boxd.it/2aPc
2021-01-30,The Old Dark House,1932,https://boxd.it/1iL6
2021-01-30,The Wedding March,1928,https://boxd.it/WEs
2021-01-30,The Great Gabbo,1929,https://boxd.it/3UiA
2021-01-31,Ron's Gone Wrong,2021,https://boxd.it/hlj2
2021-01-31,My Father's Dragon,2022,https://boxd.it/kv30
2021-01-31,Wendell & Wild,2022,https://boxd.it/iwtu
2021-01-31,Wish Dragon,2021,https://boxd.it/k6w2
2021-01-31,Tom & Jerry,2021,https://boxd.it/lCXG
2021-01-31,Rumble,2021,https://boxd.it/m3N4
2021-01-31,Paws of Fury: The Legend of Hank,2022,https://boxd.it/cHv0
2021-01-31,Nahuel and the Magic Book,2020,https://boxd.it/qqQe
2021-02-03,Life in a Day 2020,2021,https://boxd.it/r6Nw
2021-02-06,Self Portrait,2020,https://boxd.it/mL2Q
2021-02-08,Pleasure,2021,https://boxd.it/lPcy
2021-02-09,The Perks of Being a Wallflower,2012,https://boxd.it/2ZA8
2021-02-09,About Time,2013,https://boxd.it/43bI
2021-02-09,Justice League,2017,https://boxd.it/4w68
2021-02-09,Mamma Mia! Here We Go Again,2018,https://boxd.it/gnfO
2021-02-09,Thoroughbreds,2017,https://boxd.it/dVHQ
2021-02-10,The Mummy,1932,https://boxd.it/1LnW
2021-02-10,The Black Cat,1934,https://boxd.it/1yik
2021-02-10,Werewolf of London,1935,https://boxd.it/1qya
2021-02-10,Son of Frankenstein,1939,https://boxd.it/25Nq
2021-02-10,The Wolf Man,1941,https://boxd.it/1PG4
2021-02-10,Saboteur,1942,https://boxd.it/1hX6
2021-02-10,Shadow of a Doubt,1943,https://boxd.it/1BtA
2021-02-10,Frankenstein Meets the Wolf Man,1943,https://boxd.it/25NA
2021-02-10,Marnie,1964,https://boxd.it/2afe
2021-02-10,Torn Curtain,1966,https://boxd.it/22zq
2021-02-10,Topaz,1969,https://boxd.it/26Ro
2021-02-10,The Evil Dead,1981,https://boxd.it/29Go
2021-02-10,Cape Fear,1991,https://boxd.it/28vu
2021-02-10,Reality Bites,1994,https://boxd.it/26iI
2021-02-10,Extremely Loud & Incredibly Close,2011,https://boxd.it/Ju
2021-02-10,Dracula,1958,https://boxd.it/1STA
2021-02-10,Taste the Blood of Dracula,1970,https://boxd.it/1mM8
2021-02-10,"The Vampires or, The Arch Criminals of Paris",1915,https://boxd.it/1ofA
2021-02-10,Nosferatu,2024,https://boxd.it/f5eG
2021-02-10,Vampyr,1932,https://boxd.it/29DY
2021-02-11,Too Old to Die Young,2019,https://boxd.it/mwtW
2021-02-11,Frances Ha,2012,https://boxd.it/41Xg
2021-02-11,On the Silver Globe,1988,https://boxd.it/1sAM
2021-02-11,The Devil,1988,https://boxd.it/3iRC
2021-02-11,Cosmos,2015,https://boxd.it/abCE
2021-02-11,The Third Part of the Night,1971,https://boxd.it/Miw
2021-02-11,The Public Woman,1984,https://boxd.it/2tAU
2021-02-11,The Bling Ring,2013,https://boxd.it/3lPY
2021-02-11,"Don't Worry, He Won't Get Far on Foot",2018,https://boxd.it/fLeo
2021-02-11,The Disappearance of Eleanor Rigby: Him,2013,https://boxd.it/8pIs
2021-02-11,The Disappearance of Eleanor Rigby: Her,2013,https://boxd.it/8m8Q
2021-02-11,Night Moves,2013,https://boxd.it/4WFe
2021-02-11,Meek's Cutoff,2010,https://boxd.it/nsG
2021-02-11,Certain Women,2016,https://boxd.it/bk7W
2021-02-11,Creature from the Black Lagoon,1954,https://boxd.it/1UXk
2021-02-15,Your Name.,2016,https://boxd.it/cUqs
2021-02-15,The Man Who Knew Too Much,1956,https://boxd.it/2a5S
2021-02-15,Batman Returns,1992,https://boxd.it/2awa
2021-02-15,Dazed and Confused,1993,https://boxd.it/1Ylk
2021-02-15,The Beatles: Get Back,2021,https://boxd.it/xo7A
2021-02-17,"Rome, Open City",1945,https://boxd.it/2aD6
2021-02-17,Alucarda,1977,https://boxd.it/12xs
2021-02-18,The Cloverfield Paradox,2018,https://boxd.it/doVA
2021-02-18,Kingsman: The Secret Service,2014,https://boxd.it/6dxe
2021-02-18,Kingsman: The Golden Circle,2017,https://boxd.it/buJm
2021-02-18,Ghostbusters: Afterlife,2021,https://boxd.it/f4Pw
2021-02-18,Cruella,2021,https://boxd.it/bbKg
2021-02-18,The Last Duel,2021,https://boxd.it/mQbe
2021-02-18,The Woman in the Window,2021,https://boxd.it/iT56
2021-02-18,Army of the Dead,2021,https://boxd.it/ic7S
2021-02-18,Blonde,2022,https://boxd.it/9AG0
2021-02-20,The Testament of Dr. Mabuse,1933,https://boxd.it/1Sia
2021-02-20,"Dr. Mabuse, the Gambler",1922,https://boxd.it/22dE
2021-02-20,J'accuse,1919,https://boxd.it/2sBC
2021-03-01,La Jetée,1962,https://boxd.it/29Sk
2021-03-02,Liberation: Battle for Berlin,1971,https://boxd.it/f3u8
2021-03-02,Liberation: The Fire Bulge,1970,https://boxd.it/b5I4
2021-03-02,Liberation: Direction of the Main Blow,1970,https://boxd.it/6Ffi
2021-03-02,Liberation: The Break Through,1970,https://boxd.it/dIZi
2021-03-02,Liberation: The Last Assault,1971,https://boxd.it/f3ui
2021-03-12,Mustang,2015,https://boxd.it/baaw
2021-03-12,"The Cook, the Thief, His Wife & Her Lover",1989,https://boxd.it/20VO
2021-03-15,Pixote,1980,https://boxd.it/XCs
2021-03-25,Dogs Don't Wear Pants,2019,https://boxd.it/j42i
2021-09-11,Free Guy,2021,https://boxd.it/k8dm
2021-10-23,Cosmos,1996,https://boxd.it/46xC
2021-10-23,Maelström,2000,https://boxd.it/1caI
2021-10-23,Happiness Bound,2007,https://boxd.it/s2Le
2021-10-23,August 32nd on Earth,1998,https://boxd.it/hY2
2021-11-08,Malignant,2021,https://boxd.it/mViE
2021-11-18,No Time to Die,2021,https://boxd.it/cPX2
2021-11-18,A Quiet Place Part II,2020,https://boxd.it/iTx0
2021-11-18,"Quo Vadis, Aida?",2020,https://boxd.it/riws
2021-11-18,Annette,2021,https://boxd.it/f0RS
2021-12-02,The Matrix Resurrections,2021,https://boxd.it/n87k
2022-01-29,Iron Man,2008,https://boxd.it/28dA
2022-01-29,The Incredible Hulk,2008,https://boxd.it/28dU
2022-01-29,Thor,2011,https://boxd.it/1WQU
2022-01-29,Thor: The Dark World,2013,https://boxd.it/2DqA
2022-01-29,Ant-Man,2015,https://boxd.it/3vmW
2022-01-29,Ant-Man and the Wasp,2018,https://boxd.it/cqUW
2022-01-29,Black Widow,2021,https://boxd.it/hWV8
2022-01-29,Loki,2021,https://boxd.it/sbHg
2022-03-08,Belle,2021,https://boxd.it/tbEe
2022-03-08,The Tragedy of Macbeth,2021,https://boxd.it/lMi4
2022-03-08,Belfast,2021,https://boxd.it/tefG
2022-03-08,The Power of the Dog,2021,https://boxd.it/m99E
2022-03-08,Candyman,2021,https://boxd.it/kHFg
2022-03-08,Lamb,2021,https://boxd.it/tFwE
2022-03-08,Avatar: The Way of Water,2022,https://boxd.it/2E2E
2022-03-08,Lightyear,2022,https://boxd.it/qV1G
2022-03-08,Sonic the Hedgehog 2,2022,https://boxd.it/pb8O
2022-03-08,DC League of Super-Pets,2022,https://boxd.it/jFTI
2022-03-08,Turning Red,2022,https://boxd.it/ipkq
2022-03-08,The House,2022,https://boxd.it/yVza
2022-03-08,Amsterdam,2022,https://boxd.it/oJ58
2022-03-08,Glass Onion,2022,https://boxd.it/oCkK
2022-03-08,Bones and All,2022,https://boxd.it/tLd4
2022-03-08,The Killer,2023,https://boxd.it/u6WE
2022-03-08,Master Gardener,2022,https://boxd.it/wNuC
2022-04-15,A Grand Day Out,1989,https://boxd.it/2acu
2022-04-18,Cemetery Man,1994,https://boxd.it/1BES
2022-05-08,The Bad Guys,2022,https://boxd.it/nkg4
2022-05-31,Loving Vincent,2017,https://boxd.it/biIQ
2022-06-01,Elvis,2022,https://boxd.it/mK4w
2022-06-01,Dune,2021,https://boxd.it/fA7G
2022-06-01,I'm Thinking of Ending Things,2020,https://boxd.it/i4IQ
2022-06-01,Never Rarely Sometimes Always,2020,https://boxd.it/lWJk
2022-06-01,Blade Runner 2049,2017,https://boxd.it/b8wK
2022-06-01,A Ghost Story,2017,https://boxd.it/fb0K
2022-06-01,Gravity,2013,https://boxd.it/GZY
2022-06-01,Waltz with Bashir,2008,https://boxd.it/1ZFA
2022-06-01,2046,2004,https://boxd.it/29tu
2022-06-01,The Machinist,2004,https://boxd.it/248c
2022-06-01,The Thin Red Line,1998,https://boxd.it/1ZTM
2022-06-01,Ghost in the Shell,1995,https://boxd.it/1YYc
2022-06-01,Ashes of Time,1994,https://boxd.it/111K
2022-06-01,Solaris,1972,https://boxd.it/2a2Y
2022-06-01,Ivan's Childhood,1962,https://boxd.it/1j6y
2022-06-01,Jurassic World Dominion,2022,https://boxd.it/ikXW
2022-06-16,Shadow of the Vampire,2000,https://boxd.it/1Vb2
2022-07-18,The Sea Beast,2022,https://boxd.it/kv3a
2022-07-27,Pearl,2022,https://boxd.it/zPbe
2022-08-04,Mad God,2021,https://boxd.it/vVPm
2022-09-04,Nightmare Alley,2021,https://boxd.it/m0HC
2022-09-05,Where the Crawdads Sing,2022,https://boxd.it/psLS
2022-09-05,I'm Your Man,2021,https://boxd.it/tWcG
2022-09-11,Three Thousand Years of Longing,2022,https://boxd.it/kmoy
2022-09-11,Barbarian,2022,https://boxd.it/yohi
2022-09-25,Fresh,2022,https://boxd.it/tCNi
2022-10-03,Evangelion: 3.0+1.0 Thrice Upon a Time,2021,https://boxd.it/8LnQ
2022-11-03,All Quiet on the Western Front,2022,https://boxd.it/H08
2022-11-03,TÁR,2022,https://boxd.it/uNIA
2022-11-03,Decision to Leave,2022,https://boxd.it/qp9e
2022-12-21,The Sheltering Sky,1990,https://boxd.it/1yuK
2023-01-01,Reprise,2006,https://boxd.it/1Sji
2023-01-01,"Oslo, August 31st",2011,https://boxd.it/2xQC
2023-01-01,Laurence Anyways,2012,https://boxd.it/3HQu
2023-01-01,Heartbeats,2010,https://boxd.it/BPu
2023-01-01,Matthias & Maxime,2019,https://boxd.it/iOQ2
2023-01-01,It's Only the End of the World,2016,https://boxd.it/be0K
2023-01-01,Tom at the Farm,2013,https://boxd.it/5B5m
2023-01-07,Dune: Part Two,2024,https://boxd.it/pUfA
2023-01-07,Marcel the Shell with Shoes On,2021,https://boxd.it/wMAk
2023-01-07,Mars One,2022,https://boxd.it/yoPa
2023-01-07,Burning Days,2022,https://boxd.it/psok
2023-01-07,Joyland,2022,https://boxd.it/AlzM
2023-01-07,Missing Home,2022,https://boxd.it/y8tW
2023-01-07,This Much I Know to Be True,2022,https://boxd.it/yVwU
2023-01-07,Moonage Daydream,2022,https://boxd.it/A8Co
2023-01-07,The Quiet Girl,2022,https://boxd.it/yvgm
2023-01-07,Entergalactic,2022,https://boxd.it/CPN4
2023-01-07,Close,2022,https://boxd.it/y4qa
2023-01-07,Night of the Coconut,2022,https://boxd.it/BFl8
2023-01-07,After Yang,2021,https://boxd.it/lx5a
2023-01-07,Cyberpunk: Edgerunners,2022,https://boxd.it/COP4
2023-01-25,Women Talking,2022,https://boxd.it/tdq4
2023-01-25,"Argentina, 1985",2022,https://boxd.it/qLxM
2023-01-25,Empire of Light,2022,https://boxd.it/uGpm
2023-01-30,Origins,2014,https://boxd.it/cjY8
2023-02-17,Godland,2022,https://boxd.it/Ag9E
2023-02-17,EO,2022,https://boxd.it/txhc
2023-03-13,Puss in Boots: The Last Wish,2022,https://boxd.it/aaie
2023-03-13,Fire of Love,2022,https://boxd.it/yoPY
2023-03-13,All the Beauty and the Bloodshed,2022,https://boxd.it/BYjU
2023-03-17,The Astronauts,1959,https://boxd.it/3vGi
2023-03-17,Renaissance,1963,https://boxd.it/4GPW
2023-03-17,The Games of Angels,1964,https://boxd.it/4D6Y
2023-03-17,Immoral Tales,1973,https://boxd.it/MQS
2023-03-17,The Beast,1975,https://boxd.it/SIA
2023-04-24,The Milky Way,1969,https://boxd.it/1cVk
2023-04-24,The Seventh Sign,1988,https://boxd.it/1UGy
2023-04-24,Dogma,1999,https://boxd.it/284e
2023-04-24,Sundown,2021,https://boxd.it/wgbs
2023-04-24,Grizzly Man,2005,https://boxd.it/2ag2
2023-04-24,Cave of Forgotten Dreams,2010,https://boxd.it/hWK
2023-04-24,Lessons of Darkness,1992,https://boxd.it/x7I
2023-04-24,Into the Inferno,2016,https://boxd.it/cfue
2023-04-24,Fitzcarraldo,1982,https://boxd.it/1YV8
2023-04-30,Kase-san and Morning Glories,2018,https://boxd.it/iFRA
2023-05-02,High-Rise,2015,https://boxd.it/7tmo
2023-05-02,I Am Love,2009,https://boxd.it/10ac
2023-05-02,PlayTime,1967,https://boxd.it/1WLK
2023-05-03,Medusa Deluxe,2022,https://boxd.it/zhsK
2023-05-09,Rumble Fish,1983,https://boxd.it/2aOI
2023-05-16,The Untamed,2016,https://boxd.it/dwAK
2023-05-17,Perfect Days,2023,https://boxd.it/ATh8
2023-05-18,The Creator,2023,https://boxd.it/oXWq
2023-05-24,Hardware,1990,https://boxd.it/1Uas
2023-05-28,Anatomy of a Fall,2023,https://boxd.it/yuDE
2023-06-07,The Brown Bunny,2003,https://boxd.it/1RnI
2023-06-11,The Last Black Man in San Francisco,2019,https://boxd.it/iWAw
2023-06-14,The Weeping Meadow,2004,https://boxd.it/177k
2023-06-14,The Travelling Players,1975,https://boxd.it/29Oi
2023-06-14,Ulysses' Gaze,1995,https://boxd.it/1ApC
2023-06-14,The Suspended Step of the Stork,1991,https://boxd.it/KKe
2023-06-14,Voyage to Cythera,1984,https://boxd.it/JS2
2023-06-14,The Beekeeper,1986,https://boxd.it/J1C
2023-06-14,Sick of Myself,2022,https://boxd.it/tEzs
2023-06-21,Priscilla,2023,https://boxd.it/Cz3k
2023-06-21,Challengers,2024,https://boxd.it/zld0
2023-06-26,Thirst,2009,https://boxd.it/1Aqq
2023-06-30,Drive-Away Dolls,2024,https://boxd.it/A8vi
2023-06-30,Poor Things,2023,https://boxd.it/tNWU
2023-07-02,Cabaret,1972,https://boxd.it/1Vpe
2023-07-02,Sweet Charity,1969,https://boxd.it/WrS
2023-07-02,Carmen,2022,https://boxd.it/sG2o
2023-07-06,"Are You There God? It's Me, Margaret.",2023,https://boxd.it/kiYC
2023-07-09,Sleepers,1996,https://boxd.it/29xw
2023-07-09,Bad Boy Bubby,1993,https://boxd.it/1OHq
2023-07-09,The Painted Bird,2019,https://boxd.it/h8u2
2023-07-10,Doomed Megalopolis,1991,https://boxd.it/x18q
2023-07-11,Napoleon,2023,https://boxd.it/shJM
2023-07-18,Last Film Show,2021,https://boxd.it/uWQy
2023-07-18,Copenhagen Cowboy,2022,https://boxd.it/DBxo
2023-07-31,Pigsty,1969,https://boxd.it/HR2
2023-07-31,Maniac,1980,https://boxd.it/1s0k
2023-07-31,Maniac,2012,https://boxd.it/3wzs
2023-08-01,Basquiat,1996,https://boxd.it/2a9A
2023-08-04,Häxan,1922,https://boxd.it/n4O
2023-08-04,Mononoke,2007,https://boxd.it/meNa
2023-08-16,Desires,1977,https://boxd.it/3xOI
2023-08-17,Foe,2023,https://boxd.it/sy7U
2023-08-20,The Fabulous Baron Munchausen,1962,https://boxd.it/ZV2
2023-08-28,The Piano Teacher,2001,https://boxd.it/2886
2023-09-21,Rotting in the Sun,2023,https://boxd.it/E37y
2023-10-09,Good Bye Lenin!,2003,https://boxd.it/2ayA
2023-11-14,Eileen,2023,https://boxd.it/oJcS
2023-11-19,Tótem,2023,https://boxd.it/Aag0
2023-11-22,Memory,2023,https://boxd.it/AZ9O
2023-11-23,Dream Scenario,2023,https://boxd.it/v2h0
2023-11-23,Bottoms,2023,https://boxd.it/uGf2
2023-12-04,Godzilla Minus One,2023,https://boxd.it/zu4c
2023-12-05,Ryuichi Sakamoto | Opus,2023,https://boxd.it/HJBm
2023-12-05,Twin Peaks,1989,https://boxd.it/g8pk
2023-12-05,Twin Peaks: The Return,2017,https://boxd.it/hN9O
2023-12-05,Inland Empire,2006,https://boxd.it/28d6
2023-12-05,Rabbits,2002,https://boxd.it/SaI
2023-12-05,The Grandmother,1970,https://boxd.it/RMm
2023-12-05,Lumière and Company,1995,https://boxd.it/IHM
2023-12-06,Six Men Getting Sick,1967,https://boxd.it/HDu
2023-12-07,Maestro,2023,https://boxd.it/j0DE
2023-12-09,Godzilla x Kong: The New Empire,2024,https://boxd.it/v1PK
2023-12-14,The Zone of Interest,2023,https://boxd.it/gJsA
2023-12-24,Shirley: Visions of Reality,2013,https://boxd.it/6blU
2023-12-24,Viridiana,1961,https://boxd.it/24eE
2023-12-24,Girl with a Pearl Earring,2003,https://boxd.it/256G
2023-12-24,Pennies from Heaven,1981,https://boxd.it/1IF4
2023-12-24,Dreams,1990,https://boxd.it/1ROu
2023-12-24,The Hidden Fortress,1958,https://boxd.it/295M
2023-12-24,The Mill and the Cross,2011,https://boxd.it/lLm
2023-12-27,Saltburn,2023,https://boxd.it/z4eg
